customerID,PredictedYes
8659-IOOPU,0.1347705214654148
0887-HJGAR,0.49876399528513443
1029-QFBEN,0.24707386016758048
7579-OOPEC,0.37906563043484837
8473-VUVJN,0.8665704941382821
7876-AEHIG,0.049132835928935664
7326-RIGQZ,0.5939701656084786
7446-KQISO,0.13401317922118783
5756-OZRIO,0.07156553383480878
5213-TWWJU,0.30512522988215485
2400-XIWIO,0.02180147059555706
4818-DRBQT,0.34035355807444095
5195-KPUNQ,0.11965792637914192
0031-PVLZI,0.17800378125957175
0013-SMEOE,0.05855441439493511
9842-EFSYY,0.39751797973907493
0080-OROZO,0.30587040669369003
5736-YEJAX,0.023078064662311555
9705-ZJBCG,0.07403905143186026
7089-XXAYG,0.10010259911326706
3091-FYHKI,0.7787104436717017
2484-DGXPZ,0.07588399419299595
4086-YQSNZ,0.6659758155505934
1135-LMECX,0.26675218659587274
3374-PZLXD,0.05750969318980291
2968-SSGAA,0.8250119369642727
4832-VRBMR,0.23802042184269206
1448-CYWKC,0.2052904400098229
6506-EYCNH,0.09982398868080142
8263-QMNTJ,0.11565094610780992
4521-WFJAI,0.010219899814208906
8752-STIVR,0.7237607730897433
5868-YTYKS,0.46504918025696085
2077-MPJQO,0.689253130453754
2072-ZVJJX,0.008749462541769485
6161-ERDGD,0.05477964543169587
1899-VXWXM,0.22224771014479697
3973-SKMLN,0.01570616085522694
1809-DMJHQ,0.29307785556029003
7549-MYGPK,0.40193508202973827
8480-PPONV,0.0962644190778819
4176-FXYBO,0.42459317819976067
5567-GZKQY,0.013849757263315363
8242-JSVBO,0.3010508731394132
9620-QJREV,0.024770420748326527
2115-BFTIW,0.23883364648125527
2848-YXSMW,0.01018795511467502
7234-KMNRQ,0.17568378189263925
5609-CEBID,0.6592292357796394
7284-BUYEC,0.41901492291405495
3523-QRQLL,0.13729671208316774
2882-DDZPG,0.12573448869440348
4927-WWOOZ,0.832320288743285
4188-FRABG,0.28921474775981026
7529-ZDFXI,0.4782405658892212
3750-YHRYO,0.04042640392900118
8313-KTIHG,0.4284575866439576
1245-HARPS,0.017256427114295744
8212-DJRCH,0.4626279932543264
9424-CMPOG,0.02212733895404985
3336-JORSO,0.5589504566452851
0707-HOVVN,0.05292986357795597
9039-RBEEE,0.11434560223954296
3308-JSGML,0.036366431576803575
9975-SKRNR,0.25157158457939155
5220-AGAAX,0.009410652859842479
1142-WACZW,0.34435294595958227
1482-OXZSY,0.4977565298287679
5848-FHRFC,0.013446846532669955
5161-UBZXI,0.080053375878982
8869-LIHMK,0.10994314013780589
5510-BOIUJ,0.26601431098904027
3758-CKOQL,0.16160118451198247
9957-YODKZ,0.7243416482703157
4097-YODCF,0.4409005133887999
8735-SDUFN,0.01018762855883157
2252-JHJGE,0.2817595192424985
8735-NBLWT,0.11257282103008308
4873-ILOLJ,0.5944425269226901
9540-JYROE,0.43486666364433063
4102-HLENU,0.015380369242204437
4933-BSAIP,0.009744518323645998
2219-MVUSO,0.2835275728651432
3143-ILDAL,0.3425716735312613
6518-KZXCB,0.011609531424373296
0576-WNXXC,0.6259675802853464
3003-CMDUU,0.4413144521487894
4693-VWVBO,0.24565985477925686
2273-QCKXA,0.33759879981186247
8680-CGLTP,0.059484848535164905
9722-UJOJR,0.4451216171022357
2676-ISHSF,0.26442699678754134
8627-EHGIP,0.1134559618868602
1543-LLLFT,0.11110386602403499
5949-EBSQK,0.2905129879516204
9185-TQCVP,0.7177554019944612
1530-ZTDOZ,0.11915390578912476
0440-UEDAI,0.09817850623480272
5405-ZMYXQ,0.5644650224215769
0201-OAMXR,0.15743403304154205
3269-ATYWD,0.5508344951954364
3496-LFSZU,0.6200252776020619
2208-UGTGR,0.5169327025573754
4632-XJMEX,0.042822011999820414
7480-SPLEF,0.009410652859842479
8992-VONJD,0.17966721823386458
0345-HKJVM,0.717334999169693
5216-WASFJ,0.6439863370008045
3987-KQDDU,0.4606960157705037
4800-CZMPC,0.2141903949558957
3635-QQRQD,0.01742901444846982
2724-FJDYW,0.06574612698957037
7594-LZNWR,0.2987380074841743
3384-CTMSF,0.6210388353441545
3938-YFPXD,0.017761793629201165
0440-QEXBZ,0.14067005629430326
3338-CVVEH,0.7249045098482216
9917-KWRBE,0.04071372696873123
9227-YBAXE,0.02828584619840803
4644-OBGFZ,0.01479546489681029
9114-AAFQH,0.07557299825595996
1167-OYZJF,0.027093353115691807
4510-HIMLV,0.8056748723703366
2506-TNFCO,0.7926993031564538
9426-SXNHE,0.22024644217133085
8515-OCTJS,0.01395439624028833
4749-VFKVB,0.582578679609689
3088-LHEFH,0.4639525131349341
1360-XFJMR,0.19898357769791522
9146-JRIOX,0.07087084576124004
0356-ERHVT,0.26645406246782627
2654-VBVPB,0.20112690390109753
0023-UYUPN,0.020774736595571136
9714-EDSUC,0.46413494855319404
9552-TGUZV,0.40428735294107715
4710-NKCAW,0.1398109793949749
0567-XRHCU,0.02913499642988739
6195-MELTI,0.07529160671498897
7486-KSRVI,0.30237184213396573
0666-UXTJO,0.4015635633040957
1363-TXLSL,0.7618104691637316
0887-WBJVH,0.2071979718069798
7404-JLKQG,0.5395491602101916
6532-YLWSI,0.02304369187532758
6522-OIQSX,0.05634592543512642
6551-GNYDG,0.42257575866647235
2418-TPEUN,0.01824589989301887
5337-IIWKZ,0.3325671754298505
5928-QLDHB,0.6798930582099526
3284-SVCRO,0.007056195467060805
0337-CNPZE,0.643328524497119
2664-XJZNO,0.06659690243084099
7340-KEFQE,0.02236580672646279
3442-ZHHCC,0.04394834154955806
8382-SHQEH,0.7299328658924373
1902-XBTFB,0.46578495955099986
2207-NHRJK,0.25881589226168195
3966-HRMZA,0.6258461355801035
1833-VGRUM,0.8904295734416079
3096-JRDSO,0.506535462059619
8514-VZHEB,0.009347574856496626
9451-LPGOO,0.7508973510797793
3354-OADJP,0.07942941869072434
3092-IGHWF,0.1336293258092523
8990-ZXLSU,0.5370269981459881
6522-YRBXD,0.4266536993827057
6680-WKXRZ,0.6732138238620647
4487-ZYJZK,0.02495328444064372
4753-PADAS,0.21569270639293928
0076-LVEPS,0.1126202939566046
6481-OGDOO,0.08414311977122328
3692-JHONH,0.42798861978823555
4521-YEEHE,0.48349694570551904
9972-EWRJS,0.018573527084962255
7924-GJZFI,0.47919343951896043
0277-BKSQP,0.44279838810950634
2636-SJDOU,0.04943202218730129
0407-BDJKB,0.4925190165237594
0621-JFHOL,0.08346208560186523
7762-ONLJY,0.04329171872605394
4685-ERGHK,0.2325175723131597
5046-NUHWD,0.5388570686630169
9091-WTUUY,0.02808364039077001
9223-UCPVT,0.887106703132201
1104-TNLZA,0.5265362567825079
9081-WWXKP,0.014799904586684457
1925-TIBLE,0.712352340178061
3129-AAQOU,0.010986678895263037
3486-KHMLI,0.057956419438296
5449-FIBXJ,0.5924000573136253
3538-WZPHD,0.4362065703907964
9588-OZDMQ,0.5388186212302942
3156-QLHBO,0.18982749287300943
2495-INZWQ,0.7305950305242792
7216-KAOID,0.02527778193286977
9282-IZGQK,0.9531717184237145
6994-ORCWG,0.10631515399320134
2091-MJTFX,0.1376385632116616
4926-UMJZD,0.11364994331946852
0701-TJSEF,0.1782309013831285
7641-EUYET,0.5215065284453334
3521-HTQTV,0.011832801976275611
0975-VOOVL,0.35223976721213346
6437-UDQJM,0.029188134939186088
1622-HSHSF,0.27415869148044697
4959-JOSRX,0.4419487522161351
5899-MQZZL,0.4896773667259011
7078-NVFAM,0.17395795839994357
7683-CBDKJ,0.17671216898695866
2499-AJYUA,0.07266785560198763
6725-TPKJO,0.010163842673204783
3396-DKDEL,0.09927446875461014
9025-AOMKI,0.7230383930446077
7277-OZCGZ,0.35916201900018396
5287-QWLKY,0.3966749183156327
0428-IKYCP,0.33606473364315476
5673-TIYIB,0.2248017625511132
1222-KJNZD,0.08275913500146094
7932-WPTDS,0.7175417353830156
2208-NKVVH,0.0073881834420908305
9121-PHQSR,0.5403850111416761
0596-BQCEQ,0.4367976031097013
5519-TEEUH,0.02270900359208237
8250-ZNGGW,0.19757783165654721
0754-EEBDC,0.037755299062944
3292-PBZEJ,0.646707905682308
4140-MUHUG,0.7123443596044823
8000-REIQB,0.803634221808006
2000-MPKCA,0.3864359519304795
9522-ZSINC,0.07875886874192965
5624-BQSSA,0.26675218659587274
4311-QTTAI,0.03545675612644376
4070-OKWVH,0.2758720009284608
9391-LMANN,0.1270180400235445
9089-UOWJG,0.2805787927350355
2041-JIJCI,0.3334384191140153
0256-LTHVJ,0.5303448945850553
1401-FTHFQ,0.037497914849088966
3027-YNWZU,0.009083050380328023
4826-TZEVA,0.235734385132121
7538-GWHML,0.6806689218086769
9638-JIQYA,0.5819049595693649
0870-VEMYL,0.18143518235061418
1955-IBMMB,0.018420017385153146
1696-HXOWK,0.05440837870870281
8023-QHAIO,0.23054325690823604
5712-PTIWW,0.5823983539542027
3904-UKFRE,0.6506815717477544
8070-AAWZP,0.20087631355541186
4285-GYRQC,0.7007119358621136
7926-IJOOU,0.2099391092018777
4508-OEBEY,0.08267693222711776
3209-ZPKFI,0.08744334242738772
6674-KVJHG,0.04625577341084732
5982-XMDEX,0.00929039559490542
7005-CCBKV,0.5806058761269921
4652-ODEVH,0.0073881834420908305
7632-MNYOY,0.16267114271407657
4079-WWQQQ,0.019187265471148917
2519-TWKFS,0.09546270117756521
3174-AKMAS,0.058670115573284644
4872-VXRIL,0.03213189369044003
2018-QKYGT,0.8716636623486699
2959-EEXWB,0.18359839725550048
0114-PEGZZ,0.644082172111756
6701-DHKWQ,0.030902748287578132
6437-UKHMV,0.665128955815434
9277-JOOMO,0.13187700274212266
1177-XZBJL,0.027875188928967596
5092-STPKP,0.10120851889421519
6910-HADCM,0.8558537171025828
2842-BCQGE,0.26827535361286864
0239-OXEXL,0.14170741320845617
8747-UDCOI,0.013784643925050924
2027-CWDNU,0.37638978678255575
3005-NFMTA,0.5790300890836684
2982-VPSGI,0.7585339498190398
2720-FVBQP,0.3588289741579524
1455-HFBXA,0.05782219305987071
3258-SYSWS,0.04601389645128005
2626-URJFX,0.4732982238156752
9558-IHEZX,0.10875624525528856
5844-QVTAT,0.06275865270926793
8096-LOIST,0.3770669720782142
6305-YLBMM,0.13436401984091803
5835-BEQEU,0.7430060736849291
8258-GSTJK,0.7411605752617008
0219-QAERP,0.0473823586205015
6351-SCJKT,0.3156803451277615
9470-YFUYI,0.07390369818520666
8259-DZLIZ,0.06729793992582493
5170-PTRKA,0.0410693564549459
0835-DUUIQ,0.03104772177729066
0750-EKNGL,0.12531804463857538
3207-OYBWH,0.3423589223170731
2977-CEBSX,0.025692635419641553
6427-FEFIG,0.03581631576535881
8905-IAZPF,0.12954231366152
1658-TJVOA,0.5174700799254558
5336-UFNZP,0.4116368994984223
0186-CAERR,0.16197039272502017
8124-NZVGJ,0.1862827333461203
8158-WPEZG,0.22032654318258574
2434-EEVDB,0.06927922298232245
6242-MBHPK,0.5998274198592811
0112-QWPNC,0.06895039990413207
9227-LUNBG,0.6840370265718702
7901-TBKJX,0.699739681159365
1963-VAUKV,0.26037670245361
9067-SQTNS,0.024847020835331676
1585-MQSSU,0.12202174180558363
8559-CIZFV,0.042466403481655576
4826-XTSOH,0.904537851070127
6656-JWRQX,0.4225607730527859
3066-RRJIO,0.7823524333355745
9895-VFOXH,0.6184038886788181
2748-MYRVK,0.1499884112391404
9254-RBFON,0.19847701259696862
3285-UCQVC,0.09178997745490326
2388-LAESQ,0.05319412707950708
7399-QHBJS,0.012919753362912996
8853-TZDGH,0.07376954602536116
9261-WDCAF,0.41157158111640646
6078-VESFR,0.4329657687249683
7398-SKNQZ,0.8141334788603912
0191-EQUUH,0.034836897065834614
8033-VCZGH,0.3719594474261575
0556-FJEGU,0.03572081296474223
3723-BFBGR,0.21353475568580008
4423-JWZJN,0.09057346496414694
4393-RYCRE,0.3032168201185486
2189-UXTKY,0.21295349673332908
1133-KXCGE,0.024120575761768914
8929-KSWIH,0.09766927707587664
4896-CPRPF,0.01090587915113812
9647-ERGBE,0.719170874407145
3865-YIOTT,0.12680277182488908
8570-KLJYJ,0.035981791613751236
5228-EXCET,0.6221515063144261
9730-DRTMJ,0.058617804108931214
0328-GRPMV,0.912778790445854
8388-DMKAE,0.02150707030718455
5382-SOYZL,0.6909435606866119
0559-CKHUS,0.013809081263903933
2344-JMOGN,0.3936809312150868
4855-SNKMY,0.5937931653512768
2361-UPSND,0.05091170681370899
3744-ZRRDZ,0.5497216914117317
0274-JKUJR,0.24503589710778628
1430-SFQSA,0.03662303405884528
3714-NTNFO,0.5329976569242147
4869-EPIUS,0.21566849424552847
1131-SUEKT,0.1329835412671297
9629-NHXFW,0.46864013157263273
0488-GSLFR,0.8120312957827975
8879-XUAHX,0.15898752397090773
4686-UXDML,0.5038668311978892
7398-HPYZQ,0.017628410278859953
4418-LZMSV,0.13284485756814235
3961-SXAXY,0.514278219534139
5206-HPJKM,0.18185134383225632
5269-NRGDP,0.12801523703352882
7727-SHVZV,0.1350701377385234
2869-ADAWR,0.31206708890290014
1088-CNNKB,0.03591918175275855
2754-VDLTR,0.7245300025918953
2003-CKLOR,0.39138455498795677
4396-KLSEH,0.2950256418343785
1816-FLZDK,0.4167802061804177
2761-XECQW,0.4368110483091754
2656-FMOKZ,0.5443087014363612
3131-NWVFJ,0.029272460557600268
5394-SVGJV,0.3209937676937721
4132-KALRO,0.7490987316055253
7157-SMCFK,0.009504909194984725
7432-FFVAR,0.10189587004570344
6885-PKOAM,0.018355374778557882
1097-FSPVW,0.12771154624992537
1875-QIVME,0.8280570249172232
7665-VIGUD,0.03354301940845216
1032-MAELW,0.03668928598170126
1215-VFYVK,0.3314914204678454
1299-AURJA,0.008860414199421749
9174-FKWZE,0.547687971064236
9823-EALYC,0.016572794467162158
6152-ONASV,0.028864135423410996
0983-TATYJ,0.07828225704885988
0396-YCHWO,0.6380065625492419
1597-LHYNC,0.5614414886447985
6131-JLWZM,0.11737159268100147
1866-OBPNR,0.5199233033895687
8380-MQINP,0.009475228674212648
8550-XSXUQ,0.08055015036155518
1535-VTJOQ,0.013759958227919433
2346-LOCWC,0.013814379175122923
8902-ZEOVF,0.016060202866399788
0618-XWMSS,0.24301606948173632
4546-FOKWR,0.45057052030190586
0487-RPVUM,0.19402471100620902
3694-DELSO,0.39372330774747666
7860-UXCRM,0.025325289042358777
1396-QWFBJ,0.3151139039123391
3950-VPYJB,0.03720637380145492
2858-MOFSQ,0.1067728287823609
3627-FCRDW,0.5370269981459881
7136-IHZJA,0.11056925913187832
2929-ERCFZ,0.7698039245269162
5578-NKCXI,0.11247298365679116
4063-EIKNQ,0.1293311080190387
5226-NOZFC,0.4643067305196294
1452-VOQCH,0.8713861916939798
2316-ESMLS,0.09605603678920242
2025-JKFWI,0.5226985209560863
8450-LUGUK,0.010012436411696208
0795-LAFGP,0.020691975714096682
3161-ONRWK,0.04466962134272845
9079-YEXQJ,0.3740684140421623
8331-ZXFOE,0.03101118010008698
4282-YMKNA,0.6868506078387103
1414-YADCW,0.036075026380408215
6862-CQUMB,0.3390676266420214
2200-DSAAL,0.04157850019320219
7033-CLAMM,0.01564379803612509
8327-WKMIE,0.02480880824696596
7980-MHFLQ,0.004997001601510699
1170-SASML,0.22479293134438966
5039-LZRQT,0.029846807895235656
5968-VXZLG,0.4425553843608613
6772-WFQRD,0.03022085365218447
4950-BDEUX,0.4555430673914242
0248-PGHBZ,0.06033898228643763
2190-PHBHR,0.035573205855408414
5567-WSELE,0.8112303174849529
5345-BMKWB,0.11506633278273729
5339-PXDVH,0.6514948707971184
3069-SSVSN,0.2652181443328014
5329-KRDTM,0.030752289300238732
4338-EYCER,0.20932821145923114
1216-BGTSP,0.32484100392969056
7596-LDUXP,0.1612976292671184
7783-YKGDV,0.4909812035209176
9444-JTXHZ,0.8544223812447835
5593-SUAOO,0.08454363593508443
3755-JBMNH,0.4254699545154866
8883-ANODQ,0.05601126988648519
3524-WQDSG,0.43609071899732876
4184-TJFAN,0.5524889170235966
0923-PNFUB,0.5556836019626569
7537-CBQUZ,0.44281895913528885
6171-ZTVYB,0.05385164778168554
1635-HDGFT,0.014134854118185077
8260-NGFNY,0.5481490244296022
5821-MMEIL,0.014279026480771763
6821-JPCDC,0.21755062089618482
7361-YPXFS,0.12929154069418586
6103-QCKFX,0.07171399157843311
5356-KZCKT,0.010257809145288666
3703-TTEPD,0.16020636600946628
1406-PUQVY,0.3687752561352552
2181-TIDSV,0.017714438665410233
4583-PARNH,0.41507876785391773
3662-FXJFO,0.013148957271328587
6439-GTPCA,0.3257159911702058
4471-KXAUH,0.34045215652308536
3096-IZETN,0.4548020723127722
5961-VUSRV,0.0521373913252944
6969-MVBAI,0.7785505619656592
8178-EYZUO,0.29777997229958025
3889-VWBID,0.028996872862790037
6366-XIVKZ,0.21083778477992743
5832-TRLPB,0.11633464462672054
0298-XACET,0.029994136091938513
6652-YFFJO,0.47899149898340987
1266-NZYUI,0.014166901378803876
1545-JFUML,0.1717432724830334
6386-SZZKH,0.11963191370881182
5970-GHJAW,0.015141363442493174
6770-XUAGN,0.33472076843905524
8809-RIHDD,0.1642299681510403
8063-GBATB,0.6649913963669037
9776-CLUJA,0.34959348617483166
1091-SOZGA,0.16741478295749018
8317-BVKSO,0.16350608568867228
7501-IWUNG,0.04217388310669283
4415-WNGVR,0.2404519863744575
8089-UZWLX,0.10123078119650324
5820-PTRYM,0.04018636382399023
2481-SBOYW,0.010221995222975457
7251-LJBQN,0.27156179556999743
1698-XFZCI,0.3834769984104305
6741-QRLUP,0.025354159173536225
4835-YSJMR,0.048029045776386614
4903-UYAVB,0.14200446016015134
7396-VJUZB,0.34058228957933395
1960-UOTYM,0.03124508316224845
9445-SZLCH,0.3984702229727891
1450-GALXR,0.6757490454511942
5018-HEKFO,0.077785675389956
0134-XWXCE,0.11012131252709269
0485-ZBSLN,0.00923123148559051
1015-OWJKI,0.25157158457939155
0823-HSCDJ,0.28337252200695195
0701-RFGFI,0.39937336299228876
2674-MIAHT,0.6322008935943094
1394-SUIUH,0.21723599224788548
9578-VRMNM,0.28036629577433997
7977-HXJKU,0.014085415829169681
4404-HIBDJ,0.046222920756594815
2057-ZBLPD,0.6230694104385708
1716-LSAMB,0.03195846440522774
1213-NGCUN,0.21701523137960868
3967-VQOGC,0.0068500214153374515
0285-INHLN,0.15111959842093342
3170-NMYVV,0.01526551790107323
1137-DGOWI,0.07327394620142756
5642-MHDQT,0.03037398598804596
4636-JGAAI,0.2883424831900811
7105-MXJLL,0.09657421008816004
9680-NIAUV,0.0542375947433124
4598-ZADCK,0.05205543476402477
1307-TVUFB,0.3740582466849655
2026-TGDHM,0.6894930716201392
5138-WVKYJ,0.7130311360783391
3058-HJCUY,0.3367583047476458
6549-NNDYT,0.27844216202388633
4075-JFPGR,0.19053801785953228
8155-IBNHG,0.37570210044716146
2234-EOFPT,0.028785242458497326
4525-VZCZG,0.2922444274779979
0822-GAVAP,0.7474026756568707
0013-EXCHZ,0.5993982109377354
4631-OACRM,0.6170865952567125
9961-JBNMK,0.4973704329094604
5533-NHFRF,0.33360489619792777
2226-ICFDO,0.02054984317591209
0620-DLSLK,0.46617406098516395
3797-VTIDR,0.7301968732621058
5461-QKNTN,0.4616954682605859
9137-UIYPG,0.5583170237449149
6810-VCAEX,0.04054168607806902
2240-HSJQD,0.29764321590005494
1101-SSWAG,0.3450060202485287
0016-QLJIS,0.021588303199530482
1183-CANVH,0.08883280884124417
9747-DDZOS,0.7022281425431713
4544-RXFMG,0.16480211623571972
7233-DRTRF,0.5922473159487655
5917-HBSDW,0.07103548861543768
7753-USQYQ,0.08427390056658647
0404-AHASP,0.009972322447077978
0722-SVSFK,0.6450945290255293
7998-ZLXWN,0.10717824669056875
4919-MOAVT,0.6030720257434046
2309-OSFEU,0.38719672348606793
9050-QLROH,0.4632403896995523
6497-TILVL,0.19298354002807447
3908-MKIMJ,0.057853179680654336
7883-ROJOC,0.16144173144235036
4745-LSPLO,0.2785780099691345
3090-LETTY,0.2880395038591146
7610-TVOPG,0.0889314988741443
0270-THENM,0.012429434739662137
3677-IYRBF,0.790809566965782
6999-CHVCF,0.0770531769008231
6365-HITVU,0.022859267591563297
3213-VVOLG,0.0399785947410573
0962-CQPWQ,0.014174143454158893
0727-IWKVK,0.5200569957675532
5536-SLHPM,0.4160922361329456
9948-YPTDG,0.2901574231760267
3716-UVSPD,0.474938497120263
8741-LQOBK,0.1003877725554651
6424-ELEYH,0.6915567804907929
7850-VWJUU,0.28919060039343286
9294-TDIPC,0.14087901041012266
3804-RVTGV,0.4454437825278984
8390-FESFV,0.028941204694764404
9762-YAQAA,0.07500216018863795
8945-GRKHX,0.8532057591013232
8728-SKJLR,0.27023740662065726
4023-RTIQM,0.12928199648641855
4702-HDRKD,0.03633678087615064
6650-VJONK,0.514278219534139
4500-HKANN,0.0433741359300644
2082-CEFLT,0.5953645712386257
5889-JTMUL,0.6009325379641933
2545-EBUPK,0.82857222176873
9481-IEBZY,0.20132689506820903
3346-BRMIS,0.6869195403068674
3724-UCSHY,0.13822347498033158
7010-ZMVBF,0.07999062712455063
9919-YLNNG,0.23682661682799858
5364-XYIRR,0.5799258570674057
5609-IMCGG,0.43705143403195246
4676-WLUHT,0.02704037794632196
0479-HMSWA,0.16462010734537208
4193-ORFCL,0.4397842647455637
9530-GRMJG,0.039000316456686265
8780-YRMTT,0.024220866550419367
0617-FHSGK,0.2264092925484083
5192-EBGOV,0.9152328300018633
1820-DJFPH,0.007355154804235206
6839-ITVZJ,0.11281627357345984
4819-HJPIW,0.22746552603097847
6229-LSCKB,0.638020841229119
6235-VDHOM,0.2709384924572726
7503-MIOGA,0.027678811894959753
4003-OCTMP,0.14696863581821165
6695-AMZUF,0.024742110047460346
0654-HMSHN,0.6237063926857558
9637-CDTKZ,0.05871753688535894
4282-ACRXS,0.4359755871009741
0506-YLVKJ,0.013625875401802557
2108-YKQTY,0.3174644240528603
4667-QONEA,0.08559795977826493
8467-WYNSR,0.10490032618818382
0363-QJVFX,0.30649900879540537
9356-AXGMP,0.37430944903142477
6692-YQHXC,0.34644089589200294
8111-RKSPX,0.6906072209921589
8454-AATJP,0.04808231693929744
1131-ALZWV,0.02319376517997464
5561-NWEVX,0.7862417750322223
9362-MWODR,0.10437825784081846
8010-EZLOU,0.6775794492004806
7531-GQHME,0.12005502802497876
4060-LDNLU,0.7732920336790273
1919-RTPQD,0.39716986976168284
9531-NSBMR,0.030880003482726962
6480-YAGIY,0.14434303778671273
2722-JMONI,0.5435589929172431
1522-VVDMG,0.4119843765853245
7527-QNRUS,0.012404268824304608
1867-BDVFH,0.6527435029286435
4648-YPBTM,0.03885836076650144
4647-MUZON,0.49121848049702205
6834-NXDCA,0.5386063946234018
2931-SVLTV,0.2661732941108346
8063-RJYNF,0.6123260763888936
8510-TMWYB,0.035073098982227276
6870-ECSHE,0.06737298175296595
4742-DRORA,0.07923874872602615
6137-NICCO,0.6396403778030954
5919-TMRGD,0.8846562926729407
1136-XGEQU,0.07873575446571308
5732-IKGQH,0.2885782141403768
8597-CTXVJ,0.0257391446632386
8884-MRNSU,0.03615189654161125
5117-ZSMHQ,0.017743451218369805
3301-VKTGC,0.04294593418415074
0567-GGCAC,0.18283751798662687
7975-JMZNT,0.021000977313905874
2858-EIMXH,0.2030264072012116
7734-DBOAI,0.5871821199962166
7716-YTYHG,0.12242576973953788
3569-EDBPQ,0.3976122522921507
6479-OAUSD,0.029876955173690607
9717-IOAAF,0.011806731448286333
0603-OLQDC,0.23128431061443577
4452-ROHMO,0.017406653764619914
0847-HGRML,0.014532780827040969
4377-VDHYI,0.18772388797475031
1024-GUALD,0.7330994385862712
8495-LJDFO,0.3869988768740034
8645-KOMJQ,0.034602944000172865
3351-NGXYI,0.35252013311459696
6416-TVAIH,0.8117497028346305
3807-XHCJH,0.24808297210343702
4957-TIALW,0.04928785803635047
7595-EUIVN,0.6835685410880377
7410-KTVFV,0.2219081400187857
3891-NLXJB,0.03080691394445599
5256-SKJGO,0.056808908258187046
1841-YSJGV,0.06722287729379439
2108-XWMPY,0.3478124089546466
9617-INGJY,0.748918803724585
0774-IFUVM,0.2580239694985399
7876-DNYAP,0.012992400617857693
8547-NSBBO,0.17650431189452212
5908-QMGOE,0.5555877364379376
6322-HRPFA,0.07029929656836055
6683-VLCTZ,0.7835565126939709
6502-KUGLL,0.10790892925223042
2608-BHKFN,0.5818433158615578
0807-ZABDG,0.2373492939556178
6691-CCIHA,0.028090459242476638
4531-AUZNK,0.09808639477840671
6260-XLACS,0.06054145211733935
4195-PNGZS,0.008949061044688475
1112-CUNAO,0.6613320107214765
1656-DRSMG,0.2553154093503955
0793-TWELN,0.6593392973583214
6234-PFPXL,0.29766112054441235
2234-XADUH,0.14066146769954646
2075-PUEPR,0.014962488593918013
7096-ZNBZI,0.006858678846003137
4566-QVRRW,0.40690891808204205
8922-NPKBJ,0.009906297545115328
2990-IAJSV,0.016546981521279387
6733-LRIZX,0.2712063097167574
5296-PSYVW,0.007821552880526945
5914-XRFQB,0.05577716167783797
6352-GIGGQ,0.0480387023896335
8490-BXHEO,0.48293441187172387
1310-QRITU,0.32913428919341636
7601-WFVZV,0.24707386016758048
2294-SALNE,0.07797729979566469
5370-IIVVL,0.23078947777665906
3808-HFKDE,0.3460358687638292
5057-RKGLH,0.021400868209794054
7356-AYNJP,0.07461901980061854
6907-CQGPN,0.11038733791967432
0641-EVBOJ,0.46470552601666054
9894-QMIMJ,0.07204649452803652
5334-AFQJB,0.011123396838218957
5061-PBXFW,0.08323282429635437
3190-FZATL,0.09361081141353354
6479-SZPLM,0.014752919117420106
0068-FIGTF,0.08289381699945311
6777-TGHTM,0.2255131516536266
0128-MKWSG,0.1309162251565386
7615-ESMYF,0.7230991274725207
6828-HMKWP,0.028676610876309256
0601-WZHJF,0.5784624836853361
9758-MFWGD,0.09640441974659585
6599-CEBNN,0.30949568361631297
9318-NKNFC,0.28345169997635394
3318-ISQFQ,0.11055735303138885
2958-NHPPS,0.10029382055182749
9773-PEQBZ,0.6032064597398806
5240-IJOQT,0.9318645287888147
5248-KWLAR,0.020691975714096682
5134-IKDAY,0.8179523167182949
6377-KSLXC,0.139554504370535
6897-UUBNU,0.19494675914300183
6258-NGCNG,0.09215411005401797
1832-PEUTS,0.0662337832169392
2386-LAHRK,0.5376920804742379
1866-DIOQZ,0.04241052820220161
4091-TVOCN,0.07058985105296048
5351-QESIO,0.5946227593420039
5174-RNGBH,0.1518323963389609
5236-PERKL,0.1296117033831037
2229-VWQJH,0.20358959719208009
5760-IFJOZ,0.7759274262382473
1734-ZMNTZ,0.01658269753202376
0064-YIJGF,0.3379368803707335
4933-IKULF,0.035881682792286346
9101-BWFSS,0.27283689337525124
4709-LKHYG,0.03452572433972619
5734-EJKXG,0.35024091720438244
9947-OTFQU,0.5105475651743016
5151-HQRDG,0.12785392399210474
3565-UNOCC,0.5915812273718911
8859-DZTGQ,0.010776169907785408
8908-NMQTX,0.019187265471148917
4143-HHPMK,0.34614194030185585
2892-GESUL,0.01509471093168742
1452-XRSJV,0.11288405130023833
2927-CVULT,0.08485289762432002
9861-PDSZP,0.08517969266441767
6288-LBEAR,0.2238206662439907
2391-SOORI,0.3207006604260804
9483-GCPWE,0.0356934422127618
4534-WGCIR,0.009440920043400237
5827-MWCZK,0.21043337951009206
0697-ZMSWS,0.8005269407703836
3096-WPXBT,0.1360254239028758
7794-JASDG,0.41200413919580386
3795-CAWEX,0.10371892885427547
9172-ANCRX,0.7916687842246037
8988-ECPJR,0.37522998584683004
9659-ZTWSM,0.20323967269838797
7820-ZYGNY,0.08597879711907862
0970-ETWGE,0.8814121523681838
3982-XWFZQ,0.22753381455700214
3807-BPOMJ,0.28414487187811
4636-QRJKY,0.5625744497282925
5003-OKNNK,0.03928210323595421
7619-ODSGN,0.19497820839924127
7243-LCGGZ,0.2550387416355894
2320-YKQBO,0.12726029661994945
3589-PPVKW,0.27064787878215363
8413-VONUO,0.6456709305586159
3154-HMWUU,0.018088912260851485
3500-RMZLT,0.41346753033911776
0282-NVSJS,0.29229883968494136
8231-BSWXX,0.0778415779265523
3070-BDOQC,0.13542799165892275
8042-RNLKO,0.01401750129887865
5154-VEKBL,0.23157883410178842
9134-WYRVP,0.06930430499160953
3785-NRHYR,0.24728734165310098
4255-DDUOU,0.501667309566524
1403-GYAFU,0.012960791737816358
4488-KQFDT,0.3850500859208259
8749-JMNKX,0.3253000447550724
5223-UZAVK,0.13503646442356596
3866-MDTUB,0.4638432241787102
7435-ZNUYY,0.04280476221092042
7622-FWGEW,0.05364107727896503
5002-GCQFH,0.21381944117509002
8672-OAUPW,0.05849325511328952
0661-XEYAN,0.6829917413387744
2075-RMJIK,0.2519598886522611
3417-TSCIC,0.08263615542062819
3525-DVKFN,0.01527712578399053
2637-FKFSY,0.40305446650503346
3946-JEWRQ,0.1666412943552166
4456-RHSNB,0.20239921550286932
5178-LMXOP,0.9054518832934126
9993-LHIEB,0.027797719856157276
3043-TYBNO,0.2756786576173536
5533-RJFTJ,0.18135557076332462
2303-PJYHN,0.22734906280595152
0318-QUUOB,0.8904040953787369
8393-DLHGA,0.48453066110393495
3125-RAHBV,0.03195256750173478
5469-CTCWN,0.36051914325800705
6507-DTJZV,0.27862240140241257
7502-BNYGS,0.20173214343590634
8999-XXGNS,0.17788098026285826
5583-EJXRD,0.03070680758707178
3847-BAERP,0.1297854585204303
3750-RNQKR,0.10522535528190309
5439-WIKXB,0.43920468170709653
1205-WNWPJ,0.2201107602074394
5676-CFLYY,0.05179960023578574
6988-CJEYV,0.5555701681695504
1791-PQHBB,0.3788590598661108
4808-YNLEU,0.07577264306971124
0228-MAUWC,0.23622683325714733
1022-RKXDR,0.011989473703882276
5167-ZFFMM,0.8244243441570701
0195-IESCP,0.7057907386455898
5485-ITNPC,0.032871547042991105
1579-KLYDT,0.7469344466137884
0004-TLHLJ,0.7026079580000537
5524-KHNJP,0.08099341449791006
7463-IFMQU,0.01031923372887092
1114-CENIM,0.13993845006099076
5236-XMZJY,0.11670133084538688
8980-WQFWL,0.36193747225572276
0704-VCUMB,0.013110705313619516
4016-BJKTZ,0.19940268486029847
5701-SVCWR,0.19802582890217907
2900-PHPLN,0.026495848850744737
4640-UHDOS,0.41369798601090413
9574-RKJIF,0.4378573462275239
9621-OUPYD,0.03410718658209523
3884-UEBXB,0.025023357958167267
1113-IUJYX,0.18828440141959535
0568-ONFPC,0.10043979227483409
4361-JEIVL,0.7836681748731362
7663-RGWBC,0.5186460169872938
9817-APLHW,0.09919625554775079
7951-VRDVK,0.0626246736015142
7503-EPSZW,0.006962985719652719
1323-OOEPC,0.4122832272522295
6204-IEUXJ,0.49119453609442804
8457-XIGKN,0.11224325900513162
1024-KPRBB,0.1560890582454999
6715-OFDBP,0.5322849955500192
0142-GVYSN,0.10587348131528293
2369-UAPKZ,0.7196352374959382
2947-DOMLJ,0.34271472276569753
1465-VINDH,0.6500762279313265
7153-OANIO,0.7847950061740909
5468-BPMMO,0.06416434945304558
6900-RBKER,0.08312816771009925
2868-SNELZ,0.7568686067130538
0206-TBWLC,0.19025304961976752
9803-FTJCG,0.02899599923420061
3261-CQXOL,0.008353058543492794
7663-ZTEGJ,0.1294805606956194
1941-HOSAM,0.8842878736427368
1855-CFULU,0.22657986998949195
0013-MHZWF,0.2117772611484977
2371-KFUOG,0.1109980977891912
5627-TVBPP,0.030373222389914262
3605-JISKB,0.0380926737127882
0864-FVJNJ,0.2531369999966789
2634-HCZGT,0.08141527929814703
0958-YHXGP,0.45636151502753597
1041-RXHRA,0.19716972673963912
8168-UQWWF,0.705774846541564
6352-TWCAU,0.5611204779040097
1303-SRDOK,0.05444376814415647
3120-FAZKD,0.010807622391045834
9094-AZPHK,0.751461743277454
9481-WHGWY,0.03279707713430328
8780-IXSTS,0.7277346931730048
2800-VEQXM,0.6224015320396482
0804-YGEQV,0.016350479819693352
4587-NUKOX,0.4557581941242599
3486-HOOGQ,0.0169826169332457
9039-ZVJDC,0.21166011568901613
7684-XSZIY,0.007063776742947053
2387-KDZQY,0.030931926122614226
1428-IEDPR,0.2641404736742669
5171-EPLKN,0.016134282893178448
7940-UQQUG,0.2255093445426649
0356-OBMAC,0.09518807246727283
6252-DFGTK,0.035429030271019964
0233-FTHAV,0.07202075511289234
9992-UJOEL,0.3787912484042577
4706-AXVKM,0.692060940474862
2606-RMDHZ,0.3931237443551204
7130-CTCUS,0.25225300416871943
3096-GKWEB,0.7095618840359016
3439-GVUSX,0.6149092081258126
0115-TFERT,0.5322981141028049
5049-GLYVG,0.2527804552251589
2439-LYPMQ,0.6974715230890249
6114-TCFID,0.04287232504741129
2346-CZYIL,0.016134282893178448
3348-CFRNX,0.3440983043941657
2863-IMQDR,0.02591892886602594
7572-KPVKK,0.1966153076230173
9591-YVTEB,0.22121008294623487
2599-CZABP,0.18585261480748919
5243-SAOTC,0.26317442590329654
1641-BYBTK,0.1626309131722502
3957-LXOLK,0.7406964509209127
5740-YHGTW,0.22668766581626795
0019-EFAEP,0.04992996205262805
2001-MCUUW,0.17610347154561237
1028-FFNJK,0.5854372194694198
5712-VBOXD,0.2316028254039152
4504-YOULA,0.1028792543417502
2649-HWLYB,0.023421863655470623
3030-YDNRM,0.6815334664305946
1307-ATKGB,0.4318496841877832
1965-DDBWU,0.3630991737176647
1004-NOZNR,0.15597204586654648
7504-UWHNB,0.42164857758535745
4973-RLZVI,0.05119210731961179
8746-OQQRW,0.1311645343914097
7253-UVNDW,0.03321641964508938
5688-KZTSN,0.14628073664639438
9530-EHPOH,0.40406829793403976
3678-MNGZX,0.013701277003508022
8263-OKETD,0.17278756266789472
5309-TAIKL,0.21141799067584682
5960-WPXQM,0.8871647531205468
0174-QRVVY,0.008468023877420744
2209-XADXF,0.7334845063068879
8034-RYTVV,0.05499051364464884
2162-FRZAA,0.029627685766706283
3108-PCCGG,0.02361711946955891
6648-INWPS,0.10465604815808459
1241-FPMOF,0.010233050598546843
4701-LKOZD,0.0202876244109069
9411-TPQQV,0.06094184533943266
8564-LDKFL,0.21897977521794526
1784-BXEFA,0.1297854585204303
0727-BNRLG,0.08993735586584198
8219-VYBVI,0.007930535322802986
2865-TCHJW,0.7939652670884951
8364-TRMMK,0.4285703351187315
7762-URZQH,0.11882445537018428
0504-HHAPI,0.45736893792363126
6723-CEGQI,0.033273400243329074
6818-DJXAA,0.49520970982507795
4632-PAOYU,0.022821288162445337
8652-YHIYU,0.12330115635115582
8535-SFUTN,0.5261476961053331
4062-HBMOS,0.6384845280457342
4831-EOBFE,0.34198064703765324
6088-BXMRG,0.6620336183877567
4910-AQFFX,0.5599090295185735
2862-JVEOY,0.043256443297742864
1618-CFHME,0.7917633244318231
2957-JIRMN,0.23922797088931183
4226-KKDON,0.17780013944251102
7025-IWFHT,0.1809241217538703
0743-HRVFF,0.137762388106999
6510-UPNKS,0.02203151441489325
0895-LNKRC,0.04421249451038655
6680-NENYN,0.23330922505924873
6060-QBMGV,0.012672860369974356
3786-WOVKF,0.15287366741682226
6961-VCPMC,0.47475441574061145
7508-MYBOG,0.6600724733600789
6196-HBOBZ,0.1678782740821996
6578-KRMAW,0.2809876214399921
0263-FJTQO,0.031196918364300292
9926-PJHDQ,0.03483236395763177
3247-MHJKM,0.2723466492115457
9178-JHUVJ,0.013073665544138677
2259-OUUSZ,0.1686787519115419
6202-JVYEU,0.08985919145216704
6166-ILMNY,0.5857909564146371
0230-WEQUW,0.024989799205398476
6040-CGACY,0.09359829071261293
9225-BZLNZ,0.016497198557756994
8185-UPYBR,0.6984608966564608
6620-JDYNW,0.178684808355104
7777-UNYHB,0.14569846825167773
6141-OOXUQ,0.24728734165310098
9938-ZREHM,0.06000823913211505
1393-IMKZG,0.766617037281898
6341-AEVKX,0.3506205898573406
3221-CJMSG,0.12949984148304558
7558-IMLMT,0.01198324185666755
2657-ALMWY,0.42985479486523515
6904-JLBGY,0.05617648170246317
7297-DVYGA,0.030553916655395256
3158-MOERK,0.8808518985802897
2233-FAGXV,0.09555109795709406
1754-GKYPY,0.44133702691103777
1073-XXCZD,0.009949071658868386
9932-WBWIK,0.10737573346574701
0410-IPFTY,0.310304025832939
8180-AKMJV,0.5137326818292
5808-TOTXO,0.0936150852384555
0082-LDZUE,0.5186460169872938
6807-SIWJI,0.4039693736776756
7481-ATQQS,0.41447308694818263
2538-OIMXF,0.6149700772434898
1389-CXMLU,0.783827227597532
7625-XCQRH,0.6787592373717101
2192-CKRLV,0.033991069831806914
7268-IGMFD,0.3941640672859411
7927-AUXBZ,0.3531563838647542
5879-SESNB,0.6364729065716754
3266-FTKHB,0.016592149700749875
3512-IZIKN,0.01950944087827628
8966-OIQHG,0.0325202830023783
2812-REYAT,0.029896410775900092
1478-VPOAD,0.5483305554208305
2930-UOTMB,0.09285404322072913
0100-DUVFC,0.4143857093148784
2108-GLPQB,0.18551850052822375
9250-WYPLL,0.6788366232537688
2249-YPRNG,0.5182438033354023
0635-WKOLD,0.061872705605747265
2085-JVGAD,0.06837895297877375
6360-SVNWV,0.3323960001026403
9894-EZEWG,0.7364357659580678
9631-RXVJM,0.009884632221864456
5780-INQIK,0.2869257248473121
5811-IWXYM,0.12615098106969555
7839-QRKXN,0.5086405600851756
5651-WYIPH,0.2797268834040245
6655-LHBYW,0.16079882087928674
7206-GZCDC,0.803634221808006
0756-MPZRL,0.0412994612799314
8169-SAEJD,0.03794984506993625
7000-WCEVQ,0.35650429702138203
0973-KYVNF,0.0246533448139517
3887-PBQAO,0.016353382600208584
1925-LFCZZ,0.12901564611427607
9278-VZKCD,0.5448263337073234
4554-YGZIH,0.3144629695017817
6959-GQEGV,0.24020835835685275
0687-ZVTHB,0.033837811832517724
1744-JHKYS,0.04447892880523908
5311-IHLEI,0.19550688819380008
6614-YWYSC,0.013602989176776558
0771-CHWSK,0.022397772036255505
5981-ITEMU,0.450066219594818
9018-PCIOK,0.04660751992676632
5148-HKFIR,0.01387979378233995
8676-OOQEJ,0.46970402992308424
6345-ULYRW,0.10321183996843955
5482-PLVPE,0.6598802274537808
1563-IWQEX,0.10533342046940483
9067-YGSCA,0.013478579196180058
5825-XJOCM,0.040500033111489725
7321-PKUYW,0.5499359644928447
1074-WVEVG,0.013704751267331393
0430-IHCDJ,0.3723510819106531
7898-PDWQE,0.017501933497787833
6087-YPWHO,0.012387162068171094
5997-OPVFA,0.01775575600342169
1297-VQDRP,0.24792096511191516
7156-MHUGY,0.6759169243242481
4587-VVTOX,0.8082621236255834
7746-AWNQW,0.13028217216528162
2525-GVKQU,0.009094778016451354
9851-QXEEQ,0.6342203886631091
9940-RHLFB,0.7493917557457919
2133-TSRRM,0.4039243341112719
5196-WPYOW,0.03556893151016835
7969-FFOWG,0.009096873707837344
5307-DZCVC,0.45319620877058514
5945-AZYHT,0.32561504069123165
9885-MFVSU,0.028475642881016314
2589-AYCRP,0.024946163449749866
6447-EGDIV,0.018434077723873912
7439-DKZTW,0.8890309310935799
6332-FBZRI,0.029216217249055907
2833-SLKDQ,0.4352208944349334
7841-TZDMQ,0.44819582347400805
3404-JNXAX,0.31137189061340786
4992-LTJNE,0.015898158509671075
5909-ECHUI,0.6625411753607438
8375-DKEBR,0.7858188390181414
6295-OSINB,0.1301952596341831
7446-YPODE,0.2502945757738245
4231-LZUYM,0.0068373864814207696
1918-ZBFQJ,0.4977108751378096
5748-RNCJT,0.13804930637168092
7134-HBPBS,0.07852280784766519
0771-WLCLA,0.613479108544863
9576-ANLXO,0.583188794717186
3295-YVUSR,0.7196543502828491
3540-RZJYU,0.5130867471362006
0412-UCCNP,0.07178357036580899
1122-YJBCS,0.049590193288066096
5684-FJVYR,0.02547223022965784
1796-JANOW,0.18748231758131
6537-QLGEX,0.4516116159705181
3709-OIJEA,0.172527004870006
0354-WYROK,0.4541590835696015
1237-WIYYZ,0.09971326475937892
0895-LMRSF,0.16476736925907298
5392-AKEMH,0.39989927419205373
2122-YWVYA,0.4435590875470185
1862-SKORY,0.27777037647544445
2398-YPMUR,0.5526771300784781
0471-LVHGK,0.09907051964919544
0727-BMPLR,0.3806151635468742
8947-YRTDV,0.09311379149578473
4324-AHJKS,0.24202739261469244
7748-UMTRK,0.6003514799610756
9073-ZZIAY,0.033014744455111524
3635-JBPSG,0.08032246315720402
0654-PQKDW,0.0551746451219434
2580-ASVVY,0.04811144264579189
6122-LJADA,0.022757875079576557
1069-QJOEE,0.03897958515279768
4030-VPZBD,0.5384139471627805
9435-JMLSX,0.030265354271342016
0277-ORXQS,0.029482000546553186
7244-KXYZN,0.029694195387209743
2061-VVFST,0.06950885794977799
2750-BJLSB,0.3838439198429009
6261-RCVNS,0.060371600957510735
1626-ERCMM,0.7168572624001116
0011-IGKFF,0.6019884241248762
6124-ACRHJ,0.26662546592224157
2761-OCIAX,0.5682636274428489
9972-NKTFD,0.09884483481556751
6447-GORXK,0.1677641208591006
5499-ECUTN,0.0676504328528036
5726-CVNYA,0.02655101542840898
2519-ERQOJ,0.3793687797482929
9495-REDIY,0.0864360840138145
0111-KLBQG,0.38551019014529425
9256-JTBNZ,0.12898739947217927
6713-OKOMC,0.2578741575676478
7740-KKCXF,0.17783628215043915
3162-ZJZFU,0.2631990979206567
8690-ZVLCL,0.018984388849405443
6651-RLGGM,0.006464961975159195
3313-QKNKB,0.17938608986736973
6637-KYRCV,0.38585530397303297
1845-CSBRZ,0.44489296338373696
9283-LZQOH,0.4763776980904917
8374-UULRV,0.016774518642769694
7599-FKVXZ,0.369146829419842
3190-XFANI,0.1914701693440396
3398-GCPMU,0.028503284570913463
1977-STDKI,0.6910968940622705
5574-NXZIU,0.061910984657208346
2660-EMUBI,0.8125959508678355
8630-QSGXK,0.05421168377684958
3071-MVJCD,0.013488381738183602
2080-SRCDE,0.19802582890217907
7799-DSEWS,0.2566862805479613
5951-AOFIH,0.18562889295712992
4581-LNWUM,0.6284133012632592
1725-IQNIY,0.07222081912889684
7978-DKUQH,0.5312008924235525
7133-VBDCG,0.2614650249219392
4501-UYKBC,0.09341450658362813
9912-OMZDS,0.39842800241947035
9474-PHLYD,0.4517621868345193
9880-TDQAC,0.04343959209228424
4512-ZUIYL,0.5857909564146371
8040-MNRTF,0.7359740554268934
6867-ACCZI,0.031544645492535904
5862-BRIXZ,0.02548711859634552
6519-CFDBX,0.5241714305390849
0885-HMGPY,0.017898068437484788
7636-OWBPG,0.3980913957021177
2926-JEJJC,0.05550928400975204
3162-KKZXO,0.3806151635468742
6661-HBGWL,0.5523062901800531
4291-HPAXL,0.26726779934061173
9351-HXDMR,0.0892410036895856
2120-SMPEX,0.08166811751781032
3372-KWFBM,0.6898505035011054
9453-PATOS,0.01737390764926321
8566-YPRGL,0.2858791629424562
3941-XTSKM,0.11822677642507069
9972-VAFJJ,0.1560438206256632
2070-XYMFH,0.4626658047245029
3407-QGWLG,0.208456663813751
4140-WJAWW,0.16162318729346428
4343-EJVQB,0.360308489654349
2828-SLQPF,0.19361722744005577
0052-YNYOT,0.029733680141126945
7156-MXBJE,0.06721463876271497
8410-BGQXN,0.17568378189263925
9837-BMCLM,0.7167831344123683
5204-HMGYF,0.06958068870077037
8999-EXMNO,0.01325228379382217
9774-NRNAU,0.1847678276049069
4720-VSTSI,0.2756464064273112
2739-CCZMB,0.16221387174601987
6933-VLYFX,0.11963321736837132
6086-ESGRL,0.7788559146684535
7521-AFHAB,0.25844823106644377
9574-BOSMD,0.009376049711716346
9795-VOWON,0.2093514560782727
3726-TBHQT,0.07931656949429722
9031-ZVQPT,0.15236697880268965
2979-SXESE,0.5514963045509065
1098-KFQEC,0.014020813068666703
5055-BRMNE,0.1048015081006602
4318-RAJVY,0.04029978188647425
8687-BAFGU,0.6113800933738134
0327-WFZSY,0.28246940526093844
7169-YWAMK,0.02111049170246241
1009-IRMNA,0.15175628055035353
1596-OQSPS,0.1739538839213754
1614-JBEBI,0.1382994841726309
0021-IKXGC,0.8710786841560025
9281-PKKZE,0.4261908099884682
5063-IUOKK,0.01883281293429866
4080-OGPJL,0.2813308314075385
2144-BFDSO,0.45158811385609327
5696-JVVQY,0.03909635183448294
3012-VFFMN,0.12689942661433085
5197-LQXXH,0.034503151451616684
5298-GSTLM,0.21624861746283452
6572-ADKRS,0.25170745729650806
2798-NYLMZ,0.12540498223035504
0680-DFNNY,0.8071471135410216
9402-ROUMJ,0.15922424793184894
2904-GGUAZ,0.021838854952803636
2144-ESWKO,0.056775446596438524
0508-OOLTO,0.708431663171526
1971-DTCZB,0.01823090497798487
5640-CAXOA,0.08133546122096114
4282-MSACW,0.2078464314712072
6048-UWKAL,0.09698099225277258
5055-MGMGF,0.505574608843711
5678-VFNEQ,0.16864846163168282
1306-RPWXZ,0.01466694822859877
3646-ITDGM,0.014675922140717364
7094-MSZAO,0.14997690716457496
4088-YLDSU,0.3330330271430617
4824-GUCBY,0.31093643392419973
7242-EDTYC,0.016251696753637405
3071-VBYPO,0.4559164071143301
0237-YFUTL,0.2693080500196672
4871-JTKJF,0.8181712041753044
8003-EWNDZ,0.19419781259380284
2027-OAQQC,0.2237184225860415
2805-EDJPQ,0.1429897570783722
7434-SHXLS,0.2550387416355894
0369-ZGOVK,0.09937691244477537
7730-CLDSV,0.05415256734326986
5686-CMAWK,0.2473456879251776
5522-NYKPB,0.3631004274413101
9286-BHDQG,0.013985125372753723
7590-VHVEG,0.525913098065227
5038-ETMLM,0.0551277056284818
4123-FCVCB,0.18409146238989602
2293-IJWPS,0.17565244387789825
9158-VCTQB,0.2981270970710806
2925-MXLSX,0.08377462348936958
8405-IGQFX,0.09814605366700162
1273-MTETI,0.8143382378782246
2446-PLQVO,0.8056748723703366
6698-OXETB,0.020465097566428857
6582-OIVSP,0.5015496239241821
8189-DUKMV,0.08130303972780155
3932-CMDTD,0.4137248972201932
4716-MRVEN,0.01777279559885807
6296-DDOOR,0.07325303102312397
7594-RQHXR,0.8586027254384552
3785-KTYSH,0.007416737488654578
8380-PEFPE,0.8201209712639325
9323-HGFWY,0.29153030385732887
5304-EFJLP,0.06809502957042876
8894-JVDCV,0.19963521276686552
5549-ZGHFB,0.007208069182186618
8871-JLMHM,0.044911468496250724
3580-HYCSP,0.06559819491750848
6374-AFWOX,0.02668606975031179
0774-RMNUW,0.019615338358378958
5307-UVGNB,0.1586251092368529
0872-CASZJ,0.0510153179633561
3640-JQGJG,0.215519389033397
4553-DVPZG,0.6085765234360659
9873-MNDKV,0.2537550906039252
0516-QREYC,0.14028773865359925
7998-WNZEM,0.018025257525915796
5442-UTCVD,0.814338883555422
5318-YKDPV,0.04137797876444379
1337-BOZWO,0.10174517874400636
3086-RUCRN,0.2043068973793358
5141-ZUVBH,0.38647087208525366
5868-YWPDW,0.5531864441159721
4657-FWVFY,0.3594653626647712
1449-XQEMT,0.21024084159765194
5155-AZQPB,0.15144738894981102
3656-TKRVZ,0.21180189128461543
5527-ACHSO,0.18568239642569562
4785-NKHCX,0.20272965576823415
4098-NAUKP,0.44458096129408337
1580-BMCMR,0.4991748712555007
3955-JBZZM,0.531638300634495
0969-RGKCU,0.025551479432070718
7634-WSWDB,0.5469046228084754
5505-OVWQW,0.024845141269699732
8879-ZKJOF,0.09288099056131344
6261-LHRTG,0.18215221164752607
2014-MKGMH,0.3588917782815873
4940-KHCWD,0.021724100704714214
0214-JHPFW,0.029804053779189106
7537-RBWEA,0.6505927457284091
3359-DSRKA,0.01243003172380967
0621-HJWXJ,0.22179989427696356
1043-YCUTE,0.009803444455680968
1481-ZUWZA,0.28499793713930366
9209-NWPGU,0.098251780934534
2812-SFXMJ,0.25841092714000236
9702-AIUJO,0.08087404758590469
0620-XEFWH,0.1877277292125674
7639-LIAYI,0.03576784157639954
2378-HTWFW,0.3610838481725401
6233-HXJMX,0.32958995289550297
6217-KDYWC,0.013167937146845669
8398-TBIYD,0.033141212740567194
2506-CLAKW,0.4866312754375395
9644-UMGQA,0.3426562424538148
6439-LAJXL,0.17200843611862027
2360-RDGRO,0.5038735403101477
2187-LZGPL,0.3908522772825607
2202-CUYXZ,0.8988133845676113
1567-DSCIC,0.7052573549236483
1821-BUCWY,0.03982423950510381
2832-KJCRD,0.5143006952978683
7176-WRTNX,0.1056920968306574
0193-ESZXP,0.22778417219603828
4707-MAXGU,0.006927438666324879
9057-SIHCH,0.859852627567663
4947-DSMXK,0.45733155013299676
1069-XAIEM,0.9018197403737681
7691-KGKGP,0.09366265834251847
8752-IMQOS,0.04732638887469904
5176-LDKUH,0.1336315710156791
9786-YWNHU,0.02272398687826286
4163-HFTUK,0.0317722773122302
6473-ULUHT,0.08702852000589938
0404-SWRVG,0.7406665078256282
1208-NBVFH,0.40560859629268436
1228-FZFRV,0.33997396153118353
0562-HKHML,0.008468023877420744
7858-GTZSP,0.7207477637371449
4667-OHGKG,0.28345169997635394
9066-QRSDU,0.016621667755961907
3398-ZOUAA,0.4961542324861865
6734-JDTTV,0.01722150340947744
9625-RZFUK,0.009358204526811702
4878-BUNFV,0.009799289810255393
1045-LTCYT,0.13514399261340515
3594-IVHJZ,0.22186068180991186
7607-QKKTJ,0.12145151021991399
8148-BPLZQ,0.17883955958855044
0354-VXMJC,0.018101019232854124
6416-YJTTB,0.43638460614917407
1474-JUWSM,0.08008463252096831
8623-TMRBY,0.472711810699183
8882-TLVRW,0.017122627390165842
8203-XJZRC,0.27347702207681074
0848-SOMKO,0.01915162390883311
6326-MTTXK,0.7472329813894427
9134-CEQMF,0.6430100891878635
0564-MUUQK,0.32068365429019663
0420-HLGXF,0.7392959583644274
1194-BHJYC,0.022944767858891112
2111-DWYHN,0.2527804552251589
5199-FPUSP,0.03947761159052071
5268-DSMNQ,0.14051651736088402
3675-YDUPJ,0.1290380596597982
4465-VDKIQ,0.4051343453354627
6240-EURKS,0.5392509405927306
3039-MJSLN,0.20511981215309583
7781-HVGMK,0.019542723383702054
3629-WEAAM,0.19666197316133205
5020-ZSTTY,0.06748405422441353
7752-XUSCI,0.591598999572664
3023-GFLBR,0.35701565465471985
2560-WBWXF,0.009605661668830635
9871-ELEYA,0.030247410127226374
8329-IBCTI,0.24951294074553015
2709-UQGNP,0.21741684088748575
8854-CCVSQ,0.580926954025204
0219-YTZUE,0.6542032472816943
6024-RUGGH,0.007428854678435411
5181-OABFK,0.032432388701610575
6766-HFKLA,0.10423690785544572
7301-ABVAD,0.02154863486914327
6007-TCTST,0.05450539522029891
1163-ONYEY,0.09878910840208645
8208-EUMTE,0.030003177129427756
6348-SNFUS,0.019331732034787722
8815-LMFLX,0.052786741587537045
6663-JOCQO,0.058032366085852084
0386-CWRGM,0.010223926813318341
5049-MUBWG,0.08605456809896049
3913-FCUUW,0.01465218182116179
1728-CXQBE,0.5006456573862782
7779-ORAEL,0.047880324323066104
1779-PWPMG,0.05319412707950708
9570-KYEUA,0.08874932602341097
5208-HFSBT,0.2711633877688643
1010-DIAUQ,0.6767967051880441
7789-CRUVC,0.1837518599375535
4566-NECEV,0.7368718196173646
7055-HNEOJ,0.31088753691724225
3948-FVVRP,0.14677117145636512
9392-XBGTD,0.011281135662433038
7124-UGSUR,0.2462174184122448
2791-SFVEW,0.13379381298144538
2480-JZOSN,0.2996415952579517
2824-MYYBN,0.6421780281046244
6732-FZUGP,0.07267713828621139
3685-YLCMQ,0.34699532547704043
9070-BCKQP,0.08748633737092683
0326-VDYXE,0.30133114543912626
5294-IMHHT,0.10454500518236005
8592-PLTMQ,0.01056368936755451
4990-ALDGW,0.009461350052940474
7968-QUXNS,0.13582632501808162
8679-JOEVF,0.3369996346792903
2931-FSOHN,0.25719956438442915
7508-DQAKK,0.0261871316974746
5565-FILXA,0.7989176076345174
1707-HABPF,0.10595328512276635
9728-FTTVZ,0.8120312957827975
9229-RQABD,0.020594974157239355
7569-NMZYQ,0.056237111011646995
5482-NUPNA,0.2326749937701297
7273-TEFQD,0.7938130071161189
0835-JKADZ,0.1827972488413058
6925-BAYGL,0.015452845807775777
1309-BXVOQ,0.5865158582714401
2929-QNSRW,0.31229266247042115
8028-PNXHQ,0.009830370986716876
9804-ICWBG,0.9020520224703419
4423-YLHDV,0.5404456090431219
3902-FOIGH,0.7892982846592927
6543-JXSOO,0.05852066348984762
5052-PNLOS,0.807502935868944
0224-HJAPT,0.42166750943554604
9133-AYJZG,0.49134050742782176
4350-ZTLPI,0.19914202940987918
2482-CZGBB,0.5569911511187663
3729-OWRVL,0.2093109857008832
0106-UGRDO,0.17946541933340482
7817-BOQPW,0.7832734373330089
9850-OWRHQ,0.6896160614077321
7963-SHNDT,0.023184774934701103
2351-BKRZW,0.03258896524757244
7564-GHCVB,0.02150748033387511
0608-JDVEC,0.01934061213276532
1776-SPBWV,0.03262233674909275
8621-MNIHH,0.6073852694219128
4012-YCFAI,0.033148157015330706
5143-EGQFK,0.48830077516235837
2530-ENDWQ,0.09059852906991755
8808-ELEHO,0.7573106045927673
3910-MRQOY,0.010431859408517296
7114-AEOZE,0.0140759043251567
9701-CDXHR,0.17623848759931218
4032-RMHCI,0.04861150922441009
2662-NNTDK,0.014019995797722342
2770-NSVDG,0.502632681264903
2962-XPMCQ,0.5307538494165879
8111-SLLHI,0.7022143152896906
5857-XRECV,0.09139080212702717
7609-YBPXG,0.027136705341741008
2675-DHUTR,0.618254826245185
7024-OHCCK,0.8517992343536159
9057-MSWCO,0.22024264909686359
7945-PRBVF,0.015127386821574662
1696-MZVAU,0.08165931674226269
3084-DOWLE,0.016268824798560164
2277-AXSDC,0.027166685112292407
3399-BMLVW,0.029380952379225205
2996-XAUVF,0.02642420676963537
9058-HRZSV,0.2547087726463039
9755-JHNMN,0.026280572850969873
0529-ONKER,0.6479004647835317
6259-WJQLC,0.4228867628665058
3717-OEAUQ,0.5759453787932031
5197-YPYBZ,0.019855916556682864
9419-IPPBE,0.21632819147539614
7321-VGNKU,0.7036630721487311
6994-FGRHH,0.24009350262425888
1226-UDFZR,0.3660278094746688
0235-KGSLC,0.7938898102401077
6854-EXGSF,0.22027051493463995
8734-FNWVH,0.1976670941167157
7016-BPGEU,0.2209962350912323
9586-JGQKH,0.1255547759637098
3166-PNEOF,0.025464772622129057
2911-WDXMV,0.42455187579943654
0523-VNGTF,0.20968800638030097
0135-NMXAP,0.5466719843367208
5457-COLHT,0.028996872862790037
2716-GFZOR,0.20843259316708998
3001-CBHLQ,0.5885400037410236
1452-UZOSF,0.04974985767800438
7994-XIRTR,0.0781219780208343
7841-FCRQD,0.09377220006276352
6457-GIRWB,0.8056748723703366
4957-TREIR,0.25818302521467174
3768-NLUBH,0.5951134469884809
5423-BHIXO,0.15176477786088624
2754-XBHTB,0.5115728435642956
2023-VQFDL,0.11460760973819578
5149-TGWDZ,0.2147642562522359
0829-XXPLX,0.3219382143694051
0872-JCPIB,0.20756107485757283
5288-AHOUP,0.6449067722546852
2845-KDHVX,0.040422378836988467
1866-NXPSP,0.07659889993710586
7233-PAHHL,0.028702163170168944
6166-YIPFO,0.02747785113893824
9253-VIFJQ,0.026894972669998247
5555-RNPGT,0.09051902135770212
5863-OOKCL,0.10912421450430451
6198-ZFIOJ,0.6805389336145701
8532-UEFWH,0.007269257112586035
4541-RMRLG,0.16605179250671556
0383-CLDDA,0.029101657996793706
1228-ZLNBX,0.3316858894119559
4678-DVQEO,0.483367475324016
7047-YXDMZ,0.07219304896977465
0426-TIRNE,0.2550387416355894
2266-SJNAT,0.1093764270607491
7649-SIJJF,0.019513126730335246
0511-JTEOY,0.7359740554268934
7916-VCCPB,0.33542566216968484
1536-YHDOE,0.06932787950567137
8166-ORCHU,0.15277625163965824
4402-FTBXC,0.19632719653090286
4468-KAZHE,0.28294730300302123
7746-QYVCO,0.07009926844142632
7359-PTSXY,0.5672908935181579
8080-DDEMJ,0.47018021167044177
4433-JCGCG,0.686341057292242
2516-VQRRV,0.7372400210591211
0743-HNPFG,0.07512372984833707
3296-SILRA,0.8243229797956362
1036-GUDCL,0.10728910265297598
3319-DWOEP,0.7218862665508313
3506-LCJDC,0.2121938056008666
1708-PBBOA,0.06238372326158664
1452-KIOVK,0.3884404873546928
4573-JKNAE,0.02887286901946462
5702-SKUOB,0.1780011642234658
9606-PBKBQ,0.6298487200088851
3279-DYZQM,0.008435939601507009
1794-HBQTJ,0.4029015768598497
7218-HKQFK,0.6447240706847329
5172-MIGPM,0.3375242353835675
5828-DWPIL,0.24705789356820676
0212-ISBBF,0.3212020275609298
7008-LZVOZ,0.00924296005561242
7691-XVTZH,0.061603846650494655
4815-GBTCD,0.6552123142937804
1506-YJTYT,0.025633588810204517
5701-YVSVF,0.4932608766022671
4112-LUEIZ,0.6758189048227389
1766-GKNMI,0.603826940190297
6094-ZIVKX,0.049708975955876554
9965-YOKZB,0.7622544814205795
8769-KKTPH,0.15606097249099446
1415-YFWLT,0.8723679164123479
8201-AAXCB,0.24735116846135727
8637-XJIVR,0.5820352076178921
1642-HMARX,0.030547727988295102
9867-JCZSP,0.02528849870504498
3282-ZISZV,0.07817903762054927
5995-SNNEW,0.7198283235129935
8024-XNAFQ,0.055628545252599616
2091-RFFBA,0.5961261202750132
8294-UIMBA,0.18732838639913438
7359-WWYJV,0.04792817605731107
0357-NVCRI,0.082026209150862
3643-AHCFP,0.7386213088701062
6022-UGGSO,0.4411789249494417
2260-USTRB,0.645373856919317
6349-JDHQP,0.014462525873978362
7233-IOQNP,0.0757221327652584
6996-KNSML,0.8571620276954909
3038-PQIUY,0.1129433134305164
2639-UGMAZ,0.1020085013510113
8722-PRFDV,0.0278723471913178
7878-RTCZG,0.2791585947427892
8120-JDCAM,0.5624728390319603
1116-FRYVH,0.024799408747315142
2961-VNFKL,0.00862013774464209
6128-DAFVY,0.2132926982018826
8152-UOBNY,0.37638895158206903
8624-GIOUT,0.09268515114174189
0690-SRQID,0.21024084159765194
0975-UYDTX,0.0662347519033993
1074-AMIOH,0.2237033386610064
0825-CPPQH,0.011965435151273095
2469-DTSGX,0.10513505024040765
8100-HZZLJ,0.1325542394485394
2038-OEQZH,0.74502981717081
1929-ZCBHE,0.08209777632446005
2400-FEQME,0.00956621131506103
8174-LNWMW,0.015409420675058013
9313-QOLTZ,0.05950869855920489
8601-QACRS,0.35900273700918983
7102-JJVTX,0.08384364820717041
5445-GLVOT,0.2769182851952036
4322-RCYMT,0.06084137157201144
7722-CVFXN,0.34031398522438244
5318-IXUZF,0.6623723196219381
1077-HUUJM,0.5788813890929336
9801-NOSHQ,0.022037642887564594
3597-YASZG,0.12010942416735455
2845-AFFTX,0.6906633163633509
2851-MMUTZ,0.12799562380714893
3018-TFTSU,0.3741911358510637
9060-HJJRW,0.12551782962099173
0927-CNGRH,0.2571843977366741
7284-ZZLOH,0.03511087604213902
5222-IMUKT,0.5398745140265866
9286-DOJGF,0.4007879927777923
6815-ABQFQ,0.34902462461622086
7041-TXQJH,0.2622973542851297
0928-XUTSN,0.6396732422108681
1370-GGAWX,0.20468085701439515
6156-UZDLF,0.09278062828131797
4765-OXPPD,0.1397040064244419
6145-NNPNO,0.4707678517919167
9845-QOMAD,0.02997101473768143
7718-RXDGG,0.36633743827507353
7833-PKIHD,0.09306134279212039
5598-IKHQQ,0.007141493926184113
4588-YBNIB,0.21001377545380187
4223-WOZCM,0.4746814036487905
6574-MCOEH,0.12263633010507705
5249-QYHEX,0.0071813817197770415
6595-COKXZ,0.5385033238991868
3186-BAXNB,0.636789213765526
2896-TBNBE,0.08029846771884075
1925-GMVBW,0.16162318729346428
9412-GHEEC,0.351712911687354
3197-ARFOY,0.3953851640567828
6727-IOTLZ,0.045920543624526376
7696-AMHOD,0.0695003247061123
9780-FKVVF,0.2922733467840535
0872-NXJYS,0.6584479243737001
2860-RANUS,0.5160852359087865
8631-WUXGY,0.45562786763615404
0619-OLYUR,0.0892410036895856
8966-KZXXA,0.010965307641806473
2582-FFFZR,0.594276807394623
9769-TSBZE,0.01988917364324286
4923-ADWXJ,0.16424933162501792
5453-YBTWV,0.04777362618938226
7029-RPUAV,0.6734099275336543
7581-EBBOU,0.07881519147380694
5173-ZXXXL,0.06884263344618305
2636-ALXXZ,0.7858188390181414
4304-XUMGI,0.03716285901159544
9114-VEPUF,0.15257748226519705
1226-JZNKR,0.06653965515688003
7613-LLQFO,0.6798516085941002
6122-EFVKN,0.03493296486247379
0121-SNYRK,0.03759543037357737
0325-XBFAC,0.7408267601597236
9840-DVNDC,0.5683510341542168
1346-UFHAX,0.43820381026067157
8884-ADFVN,0.8432591419701843
4307-KWMXE,0.17337305836219039
3727-RJMEO,0.725194752953595
2011-TRQYE,0.2791908363545279
9555-SAHUZ,0.09385056592947151
8760-ZRHKE,0.029003211449536728
2193-SFWQW,0.03752974394722149
9087-EYCPR,0.0066384732489910316
8309-IEYJD,0.770128801503352
0603-TPMIB,0.006506367062773513
0818-OCPZO,0.5915707640372017
9787-XVQIU,0.8745262711302625
5829-NVSQN,0.07793931185339509
2229-DPMBI,0.02231433205274073
9274-CNFMO,0.6929458241436686
3644-QXEHN,0.7105012992840543
6082-GLJIX,0.07984090136240567
6583-QGCSI,0.5372809681922152
4355-HBJHH,0.034256988604854925
9102-IAYHT,0.6533679261291496
1174-FGIFN,0.21803908790230558
7787-BNTZM,0.16814306748830668
4781-ZXYGU,0.2155489599756046
5729-KLZAR,0.7337996584814112
2834-JKOOW,0.05267288960398743
8008-OTEZX,0.01624377122189061
4002-BQWPQ,0.10562602690145018
1025-FALIX,0.2843722264365046
5630-AHZIL,0.25390689281826295
3841-NFECX,0.05604538219211992
9919-KNPOO,0.6848607275891762
9371-BITHB,0.009951167239964675
5075-JSDKI,0.013094619607843895
5348-CAGXB,0.7269448744147164
3427-GGZZI,0.5995617651363873
8590-OHDIW,0.0160790089509898
8152-VETUR,0.09064068948878824
4549-ZDQYY,0.04568389589766914
3794-NFNCH,0.18165229629283594
7801-CEDNV,0.06005214055942184
8644-XYTSV,0.14983844132904103
0495-ZBNGW,0.6800562704905295
3537-RYBHH,0.15235710702031874
6108-OQZDQ,0.8234071449648591
2450-ZKEED,0.10490942839685853
1641-RQDAY,0.7160927547122337
5365-LLFYV,0.4246217452349169
5402-HTOTQ,0.1489869121217592
5816-JMLGY,0.04077125138695669
9279-CJEOJ,0.6041021462558271
3454-JFUBC,0.02590918983718999
4737-AQCPU,0.012483421768880166
0071-NDAFP,0.014154018029270235
7074-IEVOJ,0.7310784510749473
6319-IEJWJ,0.5724099549472123
0447-BEMNG,0.18355440922914468
2542-HYGIQ,0.17686369273159386
1905-OEILC,0.2655002402450102
4750-ZRXIU,0.7934714176248479
7137-RYLPP,0.5800391202910079
2408-WITXK,0.6849834994125387
3865-ZFZIB,0.013478165436816698
0531-XBKMM,0.01862546001213242
7619-PLRLP,0.041666758492392715
2325-NBPZG,0.5628831025315506
4581-SSPWD,0.7513871147333449
2419-FSORS,0.15236697880268965
2272-QAGFO,0.6930725327190468
5322-ZSMZY,0.008453996818005962
6543-XRMYR,0.7307436969803723
0585-EGDDA,0.3825820630501958
9348-YVOMK,0.41218191922565134
4009-ALQFH,0.525043645277681
1550-EENBN,0.5572201134605239
5569-OUICF,0.5074948956100966
1099-BTKWT,0.15848596993203154
8328-SKJNO,0.055814461489363906
3389-KTRXV,0.010671761472276036
9603-OAIHC,0.8005690435113798
8869-TORSS,0.05566847570708272
1178-PZGAB,0.03055311796357912
8775-LHDJH,0.8918849919947055
1265-XTECC,0.11337560228374137
6502-HCJTI,0.5043888054233264
0431-APWVY,0.1639931591217355
0137-OCGAB,0.8511025334627984
2560-PPCHE,0.1908373354806784
3230-JCNZS,0.06621555061596941
0505-SPOOW,0.013429777133341895
9373-WSLOY,0.23715415328221426
3410-MHHUM,0.17520533923912585
0322-YINQP,0.39877715982554024
8071-SBTRN,0.1001632682667887
7677-SJJJK,0.050282185658661854
0675-NCDYU,0.059020424700244996
5090-EMGTC,0.0691806513157155
0599-XNYDO,0.3088746013789737
6614-VBEGU,0.20900715104179612
0816-TSPHQ,0.18647385672509573
2672-DZUOY,0.739960075334704
1996-DBMUS,0.2862265026328547
0506-LVNGN,0.6008248634929093
5480-TBGPH,0.3911511821936345
1904-WAJAA,0.01697614686170677
7271-AJDTL,0.29101928655166903
2931-VUVJN,0.10522799480560356
1432-FPAXX,0.23924789051816206
4086-WITJG,0.012368674840428567
3067-SVMTC,0.03787886022973681
3740-RLMVT,0.06344401940317788
1329-VHWNP,0.36815474953174626
7739-LAXOG,0.3829252185853835
9866-QEVEE,0.4570136040331567
9507-HSMMZ,0.010052834830622814
4077-HWUYD,0.01735270464149895
8859-YSTWS,0.024411209536524568
7460-ITWWP,0.5034210122508085
2207-QPJED,0.37013300614477174
7054-ENNGU,0.21267732532716782
4983-CLMLV,0.2995044829742657
4522-AKYLR,0.2783793938641579
6475-VHUIZ,0.2219868083724303
4397-FRLTA,0.17505687991369437
9244-ZVAPM,0.4879949505950713
4503-BDXBD,0.44249154417715203
4361-BKAXE,0.307105758603277
0594-UFTUL,0.11794528135391259
2080-CAZNM,0.7006663325570587
0856-NAOES,0.3259921831163606
7943-RQCHR,0.7897537540844446
8634-CILSZ,0.18775376143944905
3696-DFHHB,0.009019306329040116
8608-OZTLB,0.04774719207890093
4829-AUOAX,0.34483514901457335
4227-OJHAL,0.0341346880905162
2988-QRAJY,0.11204606273973036
9050-IKDZA,0.6946527544941535
8128-YVJRG,0.4957689559657681
0345-XMMUG,0.12721192032656908
2919-HBCJO,0.573790487332827
7181-BQYBV,0.9251968843412579
6861-OKBCE,0.12630300440607603
1335-NTIUC,0.5628432079474428
9385-EHGDO,0.012154442414733643
3669-LVWZB,0.3720993510385497
8316-BBQAY,0.019522605715051492
2826-UWHIS,0.2310823289153459
3511-APPBJ,0.189286691267242
2429-AYKKO,0.010557332892981802
7742-MYPGI,0.22026735053099303
3173-WSSUE,0.012251368135281101
2207-RYYRL,0.007269257112586035
7159-NOKYQ,0.14299598450735834
7016-NVRIC,0.10466416672273351
8444-WRIDW,0.3102359963938352
2840-XANRC,0.6099154889310374
5156-UMKOW,0.3613347360059331
9835-ZIITK,0.32280482440519626
3194-ORPIK,0.2871406996105008
8207-DMRVL,0.04782282529073952
7480-QNVZJ,0.6727792007844554
4524-QCSSM,0.19874691178804862
5995-WWKKG,0.045369420438088094
1964-SVLEA,0.028789860292118663
9618-LFJRU,0.20420345140986246
5893-KCLGT,0.00948696168243854
8216-AZUUZ,0.16320099739060426
4195-SMMNX,0.18647385672509573
9334-GWGOW,0.689253130453754
6990-YNRIO,0.10056332068450027
4369-HTUIF,0.5636774953932956
2632-IVXVF,0.09416961183297119
5275-PMFUT,0.019355800534055428
9172-JITSM,0.5706339375815856
7295-JOMMD,0.6336874438040525
8461-EFQYM,0.02339295309792428
7180-PISOG,0.8698067558772998
2995-UPRYS,0.16098968917621317
8104-OSKWT,0.5865963164608586
8019-ENHXU,0.3977662928602096
7228-PAQPD,0.11906194224777267
3774-VBNXY,0.009158575603127597
1399-OUPJN,0.01477828616856034
8782-LKFPK,0.3251177716737348
0334-GDDSO,0.7313337494598168
0696-UKTOX,0.10371471199641476
1095-WGNGG,0.1457394640217867
9220-ZNKJI,0.07898350977386019
1038-RQOST,0.07108222878221554
0308-IVGOK,0.13359399886092593
0811-GSDTP,0.23838233031517428
5597-GLBUC,0.8810749513084016
8679-LZBMD,0.1328563985839089
0909-SELIE,0.02320958993788569
0484-JPBRU,0.042747855998978075
7205-BAIAD,0.018422816066101695
3756-VNWDH,0.3161281792969133
7765-LWVVH,0.11069977083414367
3453-RTHJQ,0.5853315580387775
8519-IMDHU,0.6015466346812928
4672-FOTSD,0.12068510521027612
6617-WLBQC,0.07192579429324325
0052-DCKON,0.17492432293234716
4183-WCSEP,0.2740007656839899
0577-WHMEV,0.3707084773915725
5954-BDFSG,0.09759547692126601
8562-GHPPI,0.20435975952441393
9079-LWTFD,0.19739367906289387
3806-YAZOV,0.17664656009117916
6603-QWSPR,0.0765344228508711
8224-KDLKN,0.007063776742947053
0862-PRCBS,0.12150214886168298
6265-SXWBU,0.08168596352371986
2788-CJQAQ,0.030850944732122815
2460-NGXBJ,0.598341767328144
5440-FLBQG,0.1091979574291964
3545-CNWRG,0.6111890801905453
8065-QBYTO,0.10164735451322104
7808-DVWEP,0.20411585277981373
9711-FJTBX,0.07360208419711749
6176-YJWAS,0.045095510180229725
9838-BFCQT,0.005047192532722937
1564-NTYXF,0.7548162476948607
3027-ZTDHO,0.8814121523681838
1958-RNRKS,0.2233183087877803
7142-HVGBG,0.6788916004826243
4950-HKQTE,0.011342357375394347
0464-WJTKO,0.010554261595038186
9588-YRFHY,0.019016596220324845
2520-SGTTA,0.048151646060287
8098-TDCBU,0.010526293337441144
6967-QIQRV,0.46088449988184366
3192-NQECA,0.12524695903832214
6231-WFGFH,0.20953332938606384
9958-MEKUC,0.04505480372651531
1240-KNSEZ,0.19314963872812932
1395-OFUWC,0.14123414533141962
0164-APGRB,0.1299340876118671
5536-RTPWK,0.42528871487255043
7181-OQCUT,0.47461556929895926
8884-FEEWR,0.02495506301671087
9546-KDTRB,0.06570460377386478
4859-ZSRDZ,0.030205023093063076
2999-AANRQ,0.029166112995572622
2378-VTKDH,0.6655320290678381
0841-NULXI,0.7787104436717017
1400-WIVLL,0.16242778088363463
7471-WNSUF,0.013655637746493041
3588-WSTTJ,0.6614668787034791
7629-WIXZF,0.20736684330761546
1027-LKKQQ,0.02677655848489892
3672-YITQD,0.6093884034188318
7064-JHXCE,0.01353668346954094
8434-PNQZX,0.04736577022521178
1080-BWSYE,0.014309305472012009
1930-WNXSB,0.34560654788254114
1784-EZDKJ,0.21382102486273563
5520-FVEWJ,0.6218457909926673
8851-RAGOV,0.13262929168043233
3009-JWMPU,0.29971694969333784
3577-AMVUX,0.3501547662464205
3397-AVTKU,0.0642396532790008
6298-QDFNH,0.5497216914117317
9695-IDRZR,0.12053769441645254
1574-DYCWE,0.009906359018104013
2347-WKKAE,0.4312856021453679
3370-GQEAL,0.527080989042547
3823-KYNQY,0.032818085944411976
4083-EUGRJ,0.11147990930062725
0118-JPNOY,0.3803464400012649
0442-TDYUO,0.013323368262192535
9837-FWLCH,0.1815606268720551
1612-EOHDH,0.5560806331458439
2706-QZIHY,0.013938341039373447
9514-JDSKI,0.4336078881151518
1240-HCBOH,0.007008327600244157
9489-JMTTN,0.014590326297803045
8232-CTLKO,0.06915780450346239
4844-JJWUY,0.7445637983902202
5153-LXKDT,0.18833048570449612
8942-DBMHZ,0.10357948857264547
4198-VFOEA,0.09983816348829695
6496-JDSSB,0.5277400179175229
4833-QTJNO,0.15755680977308198
9298-WGMRW,0.05494820507219741
2097-YVPKN,0.0065962330484256185
5789-LDFXO,0.03211424888953415
1508-DFXCU,0.6340542333157234
8706-HRADD,0.18433204474453185
7733-UDMTP,0.33051994287484493
0815-MFZGM,0.09061069581272187
8623-ULFNQ,0.3078720125096362
2266-FUBDZ,0.01812726828422928
2817-LVCPP,0.01449754835380847
0191-ZHSKZ,0.24905513808532515
4925-LMHOK,0.15515037000206258
5315-CKEQK,0.12124685875488776
4317-VTEOA,0.39663962430641897
6402-SSEJG,0.08432342426418357
7318-EIVKO,0.40091648582677714
5696-CEIQJ,0.05876794604515541
0455-ENTCR,0.02102493294780988
0939-EREMR,0.15495304067593046
4291-SHSBH,0.5730380456366455
1936-CZAKF,0.044757669762718014
5940-NFXKV,0.6269554894650063
1935-IMVBB,0.2281932780365049
2001-EWBQU,0.18891963993585903
7675-OZCZG,0.4690012814523307
1052-QJIBV,0.012105611416303473
0562-KBDVM,0.026454642210205045
3452-GWUIN,0.7435439930278922
6865-JZNKO,0.15149570829069287
2270-CHBFN,0.14830292809802512
8917-SZTTJ,0.013699431962142917
0056-EPFBG,0.0436066245515155
6344-SFJVH,0.24778733841468642
5240-CAOYT,0.0955992441170388
4003-FUSHP,0.14897874835584846
0930-EHUZA,0.06460300458499864
3223-DWFIO,0.5660197255975823
0867-MKZVY,0.4089538225983116
4785-FCIFB,0.006360900356117943
9408-SSNVZ,0.6494262881886392
0042-JVWOJ,0.03546486146854199
9742-XOKTS,0.0871880178504226
4622-YNKIJ,0.2169292627493307
9191-MYQKX,0.5312625167603309
1559-DTODC,0.2552388958655747
5837-LXSDN,0.1255634666589314
3580-GICBM,0.006962985719652719
7032-LMBHI,0.0455090182498186
6013-BHCAW,0.044134293720317304
7274-CGTOD,0.027086994398290116
7054-LGEQW,0.49419884689830307
0924-BJCRC,0.4151058264418483
7252-NTGSS,0.49419884689830307
6432-TWQLB,0.5255920173886419
8097-OMULG,0.06491311070264225
1676-MQAOA,0.025565785579431163
8670-ERCJH,0.04793617197372374
5261-QSHQM,0.6664494591161576
7128-GGCNO,0.21272287396380857
7905-TVXTA,0.32933562232207036
8098-LLAZX,0.8359605544992316
6286-ZHAOK,0.057428957271952644
8348-HFYIV,0.789724909615433
2604-IJPDU,0.3685220740218286
1937-OTUKY,0.049687332807293885
4919-IKATY,0.6217742124483114
1268-ASBGA,0.5692062506057181
5795-KTGUD,0.11738479976438287
5781-BKHOP,0.041503132653316496
9916-AYHTC,0.01487319079350934
5302-BDJNT,0.4279392777541387
4119-ZYPZY,0.1856413561637052
9995-HOTOH,0.032784934022838566
3908-BLSYF,0.7087610477525892
9945-PSVIP,0.01592240642350686
2978-XXSOG,0.13435665439097635
3780-DDGSE,0.1706040056688693
5692-FPTAH,0.5335993983311513
6173-GOLSU,0.4511433807747462
8039-EQPIM,0.019251780469264613
6030-REHUX,0.5288364076240563
8709-KRDVL,0.6896432288918818
2428-ZMCTB,0.12575295498834216
9844-FELAJ,0.33026542709619644
0917-EZOLA,0.10328266975847508
2955-PSXOE,0.4046779486938649
6394-MFYNG,0.4747010770730982
3470-BTGQO,0.16244636585013436
3316-UWXUY,0.16743086161726906
1173-NOEYG,0.3643418040643464
8292-TYSPY,0.14099169945652792
2267-WTPYD,0.2792049226707879
2324-EFHVG,0.14195444053429468
2810-FTLEM,0.2654023446354452
2667-WYLWJ,0.044235952454867715
8868-GAGIO,0.21670916336984028
6685-XSHHU,0.018497592602196446
8069-RHUXK,0.020175472568874822
5149-CUZUJ,0.08486653901593105
5846-ABOBJ,0.00824840720995824
4957-SREEC,0.012960791737816358
3446-QDSZF,0.4233554878221518
6579-JPICP,0.2580875251188935
4232-JGKIY,0.2510225745554381
5027-XWQHA,0.4009809288578293
5968-XQIVE,0.18709458182955238
4310-KEDTB,0.24411960015272463
5022-KVDQT,0.5923660296413659
8058-INTPH,0.8930227936136986
8336-TAVKX,0.022111677579648666
5840-NVDCG,0.035550759996409706
9822-WMWVG,0.37002124713075174
3688-FTHLT,0.3047345456088129
7672-VFMXZ,0.11477796929392248
7392-YYPYJ,0.6871879585836117
8727-XDPUD,0.038551982417443086
4568-KNYWR,0.0445685929379186
4029-HPFVY,0.5596810844700066
5934-TSSAU,0.33702417564070225
7816-VGHTO,0.06169386617812793
5868-CZJDR,0.5454015736938346
5424-RLQLC,0.24350648642341693
8896-BQTTI,0.1970855498870772
4526-RMTLL,0.052172014113709426
2876-GZYZC,0.7153324790191768
1421-HCERK,0.36803435187591615
4644-PIZRT,0.06628327662877465
1984-FCOWB,0.3336920034647325
2504-DSHIH,0.625960862093663
0486-LGCCH,0.021257954358909113
7524-VRLPL,0.03670302087314198
7611-YKYTC,0.22914067087861067
2137-DQMEV,0.03852474614682961
4804-NCPET,0.013558527814299007
7017-VFULY,0.21919192244293398
7269-JISCY,0.05363257212928067
0848-ZGQIJ,0.4184886620046557
5159-YFPKQ,0.7655283518265507
4183-MYFRB,0.4373594076463454
4884-LEVMQ,0.018498332005041817
8261-GWDBQ,0.10646815500456376
5071-FBJFS,0.32429171227196174
9163-GHAYE,0.16005629540456556
8975-SKGRX,0.07893469834793473
3976-BWUCK,0.2702896109391533
0734-OXWBT,0.2858397877018982
8780-IHCRN,0.009383093530465066
6257-DTAYD,0.11394025357145095
2916-BQZLN,0.5306699406687371
7426-WEIJX,0.29241261695185705
5087-SUURX,0.6017080834164977
3373-YZZYM,0.25608701852977306
1206-EHBDD,0.03911697747444462
5399-ZIMKF,0.5379306688822034
4476-OSWTN,0.25898620764246794
8745-PVESG,0.033437106255550346
6211-WWLTF,0.07093383647599039
6047-YHPVI,0.5926040820595632
0621-TWIEM,0.4187250075340766
1934-SJVJK,0.2354014861744855
1354-YZFNB,0.04836259610507007
7139-JZFVG,0.02467974723291549
2186-QZEYA,0.17542774214750353
7703-ZEKEF,0.6254081786416724
6689-VRRTK,0.2570886628803613
8981-FJGLA,0.5546653237000834
8800-ZKRFW,0.48498957674388277
9168-INPSZ,0.49095688078090066
0139-IVFJG,0.46537353334196474
2405-LBMUW,0.05562799360826184
1635-FJFCC,0.3344101901528014
0840-DCNZE,0.0806952130312405
7379-POKDZ,0.6521029273450925
4132-POCZS,0.27689412404447805
9101-NTIXF,0.1881435683070286
8974-OVACP,0.23755387240458017
9600-NAXZN,0.6393186922225756
0739-UUAJR,0.0224250918457894
9508-ILZDG,0.5301459737063842
0786-VSSUD,0.32180533971220665
4078-SAYYN,0.8413667685558329
6646-JPPHA,0.3697257897763563
3472-QPRCH,0.010992710796494517
5356-CSVSQ,0.3929192339181397
6418-PIQSP,0.032360989643480345
4443-EMBNA,0.008166643649441476
7895-VONWT,0.550003353908846
4817-VYYWS,0.6896432288918818
0458-HEUZG,0.06311120928054141
2501-XWWTZ,0.5154724897279546
2495-TTHBQ,0.07183755705237618
4625-EWPTF,0.4628150336465997
7267-FRMJW,0.012661122637099828
4159-NAAIX,0.11553461854277862
2123-VSCOT,0.0379856473563178
0463-ZSDNT,0.30574081527369956
1270-XKUCC,0.010852142230485503
7407-SUJIZ,0.06655943896227962
9741-YLNTD,0.5570556101847746
3572-UUHRS,0.024673802726469803
1202-KKGFU,0.14232271213122022
2251-PYLPB,0.014277272774007818
1834-WULEG,0.02167991388139344
2931-XIQBR,0.14879107766741984
2154-KVJFF,0.6240399831821717
3082-YVEKW,0.03839862508591937
7605-BDWDC,0.03313335777645442
2577-GVSIL,0.0787524421829349
8757-TFHHJ,0.38040700668000227
7976-CICYS,0.2304243449273841
0269-XFESX,0.017519963177094946
6924-TDGMT,0.04038517365175353
5996-NRVXR,0.10914546524728248
8092-NLTGF,0.007190683859351432
7982-VCELR,0.3375250254086199
6265-FRMTQ,0.016662693873633526
5019-GQVCR,0.5598022667376733
3870-SPZSI,0.09264622967723
6158-DWPZT,0.16445183231027038
5172-RKOCB,0.06908479030309267
3164-AALRN,0.208965542768963
5130-IEKQT,0.5429629088550355
2039-JONDJ,0.049832364528282075
6907-NZZIJ,0.6491836493927842
5855-EIBDE,0.07709837695031817
4830-FAXFM,0.05922426299355335
0048-PIHNL,0.023188603769813177
3077-RSNTJ,0.13915295531153732
5278-PNYOX,0.08520234721964723
3800-LYTRK,0.06407750057196213
0708-SJDIS,0.1125923741333518
4851-BQDNX,0.33294389396367374
0831-JNISG,0.008445541436303003
4685-TFLLS,0.035522234619548614
6701-YVNQG,0.018021979773250325
4451-RWASJ,0.03639047586988539
3703-KBKZP,0.5297418554949579
3985-HOYPM,0.018378421269690585
8610-ZIKJJ,0.06882371203782309
0929-PECLO,0.35057795140701026
3055-OYMSE,0.32722881803835246
8050-XGRVL,0.04422923852184236
5438-QMDDL,0.22288371885677513
4342-HFXWS,0.05326205806049954
3677-TNKIO,0.3857577038850376
8849-AYPTR,0.5331626889303283
2305-MRGLV,0.18224774017782086
4109-CYRBD,0.30379996097367473
3254-YRILK,0.64751823157257
1732-VHUBQ,0.25424481251514536
0947-IDHRQ,0.5305048531223957
1608-GMEWB,0.48506411912668174
9609-BENEA,0.06884404622731292
3963-RYFNS,0.05848604033595627
0723-FDLAY,0.08334284116965857
0301-KOBTQ,0.020481426428406165
6840-RESVB,0.08977066007658834
9505-SQFSW,0.3707387543923739
1043-UXOVO,0.08530489242321024
5207-PLSTK,0.3937062299178525
6861-XWTWQ,0.8317285946166758
9938-PRCVK,0.014996411432856478
9931-KGHOA,0.09297578070245081
3002-WQZWT,0.55647923643186
2696-RZVZW,0.008781965880223806
4482-EWFMI,0.6938948866478402
4081-DYXAV,0.15949061360567193
8319-QBEHW,0.11990995210660507
4634-JLRJT,0.2862516268413985
7427-AUFPY,0.014888172688805063
4931-TRZWN,0.36063433722581
2737-YNGYW,0.7723867623323183
9494-MRNYX,0.6335576004408465
1989-PRJHP,0.5783040298772477
0512-FLFDW,0.2086783378463875
9746-UGFAC,0.03195429459152581
9763-PDTKK,0.5405361979807093
8603-IJWDN,0.9029277159493935
2107-FBPTK,0.7316844369998314
0999-QXNSA,0.329449825779989
9891-NQDBD,0.013080478717860793
8571-ZCMCX,0.04069621665259815
8348-JLBUG,0.06658935693163931
5651-CRHKQ,0.07596990795121268
1640-PLFMP,0.8317032609489243
8395-ETZKQ,0.02802250276335052
9968-FFVVH,0.025183141703805142
6502-MJQAE,0.8056748723703366
5073-RZGBK,0.04666825357000135
8610-WFCJF,0.5998025998101322
6267-DCFFZ,0.6118169331174236
8812-ZRHFP,0.24416860106206745
3648-GZPHF,0.0597177757418398
1771-OADNZ,0.6305766319052367
4767-HZZHQ,0.24702259331707957
1272-ILHFG,0.029775003330408053
6180-YBIQI,0.3986714295369242
0220-EBGCE,0.803139991608888
3474-BAFSJ,0.037432362681791176
5057-LCOUI,0.49880561980472415
3049-NDXFL,0.8586592711810789
8417-GSODA,0.16129566107065277
1343-EHPYB,0.5914779413496906
8399-YNDCH,0.27087423602833166
5480-HPRRX,0.6200453651784505
8910-ICHIU,0.0859089691192357
2256-YLYLP,0.03665785320878904
9269-CQOOL,0.44693272326843847
0772-GYEQQ,0.551867795411645
0952-KMEEH,0.546636151808242
7995-ZHHNZ,0.043249286347497036
8577-QSOCG,0.012175516672684579
2607-DHDAK,0.01332703908661725
9450-TRJUU,0.5151373569122345
7547-EKNFS,0.33264379723414456
3694-GLTJM,0.1952188154554288
4623-ZKHLY,0.10298667058981222
9974-JFBHQ,0.19120038599303552
5515-AKOAJ,0.43586046911452225
2024-BASKD,0.754906620027998
5570-PTWEH,0.6915567804907929
6061-PQHMK,0.02921304516066292
4658-HCOHW,0.4390426164171466
8106-GWQOK,0.028336547723846382
5802-ADBRC,0.21498568995232503
4079-ULGFR,0.0889457585017745
5712-AHQNN,0.39998424173493635
5666-MBJPT,0.009894198794879412
0853-NWIFK,0.2537399228794157
3518-FSTWG,0.06471585431571078
4393-GEADV,0.07649907360265172
3752-CQSJI,0.11863718173080683
1184-PJVDB,0.6368465132549863
6331-EWIEB,0.6219919357423754
4472-VESGY,0.21671985543817482
5982-FPVQN,0.5440740509799461
4795-WRNVT,0.12042963428629867
3716-BDVDB,0.8258694206117856
7931-PXHFC,0.08495266441888819
7665-TOALD,0.8120312957827975
7394-LWLYN,0.6938948866478402
3999-QGRJH,0.5747186918683619
5760-FXFVO,0.4421714997508816
9451-WLYRI,0.023115552784824935
8992-JQYUN,0.8189953557776222
5949-XIKAE,0.5503012199165271
6339-YPSAH,0.6333794811589537
3585-ISXZP,0.6383547064923976
6631-HMANX,0.02726240168618817
2027-FECZV,0.7669326938742038
0178-SZBHO,0.43068768860210715
9231-ZJYAM,0.6899390433125592
5980-BDHPY,0.01775575600342169
7938-OUHIO,0.6440098253127516
0761-AETCS,0.26795102789692393
7869-ZYDST,0.20441947751110282
1391-UBDAR,0.5793526085209072
7576-ASEJU,0.10454825397789809
3976-NLDEZ,0.2527804552251589
2373-NTKOD,0.47145058122256395
7593-JNWRU,0.31899228104553634
6440-DKQGE,0.06768966119355252
0343-QLUZP,0.02624783148170875
3865-QBWSJ,0.307207906530635
6860-YRJZP,0.7132771267267344
2332-TODQS,0.01569729022784186
5649-VUKMC,0.22089015396182224
2088-IEBAU,0.028903539246297977
9512-PHSMG,0.12991802277802453
8582-KRHPJ,0.12863248789013842
2480-EJWYP,0.2069691657917921
4860-IJUDE,0.36421733517129107
7758-UJWYS,0.11619149390320394
7517-LDMPS,0.5283936072463832
3787-TRIAL,0.4873568242021069
8695-WDYEA,0.345994412331639
0959-WHOKV,0.25413761060437345
5998-DZLYR,0.08258110518510359
8189-HBVRW,0.22542459928971467
2277-BKJKN,0.14677337363107343
8922-LIEGH,0.6532863299775643
2725-TTRIQ,0.020643052854532832
1619-YWUBB,0.009143565922387598
4912-PIGUY,0.8988564343845507
2159-TURXX,0.16072630697108517
0750-EBAIU,0.21406164658695145
6292-TOSSS,0.010458325019212759
6961-MJKBO,0.015721196354240026
7563-BIUPC,0.6778615261300956
8338-QIUNR,0.017316172036848876
6425-JWTDV,0.01022796010613299
7767-UXAGJ,0.598491449140518
4816-OKWNX,0.14925393689406724
5816-QVHRX,0.3245332372825623
2267-FPIMA,0.21105799487444982
4883-QICIH,0.25543157593249266
9372-TXXPS,0.025030816187537944
0742-NXBGR,0.7733887196360427
8327-LZKAS,0.3733541046363381
3777-XROBG,0.013964613145310743
6133-OZILE,0.37914245690608567
2455-USLMV,0.29832118542357583
5619-PTMIK,0.12680885542081022
9507-EXLTT,0.7998240054041423
3144-KMTWZ,0.226906844458314
7674-YTAFD,0.08990969861789433
4075-WKNIU,0.07448826178749703
0254-KCJGT,0.047462208486121774
6484-LATFU,0.006403250039232146
9360-OMDZZ,0.6826667697326206
1096-ADRUX,0.07273768002125365
2894-QOJRX,0.2670142091358173
0746-JTRFU,0.6868284119414525
9136-ALYBR,0.647224687908185
9114-DPSIA,0.013952060559783111
0196-VULGZ,0.7473005130688988
5590-ZSKRV,0.164289487692804
9115-YQHGA,0.20074708881179332
5306-BVTKJ,0.04465239257693724
9170-ARBTB,0.023635065741276856
8999-BOHSE,0.5903616277279776
3541-ZNUHK,0.19904587929775597
2951-QOQTK,0.5741841140383781
1455-UGQVH,0.8125298195936566
0376-YMCJC,0.4729786562290165
4654-GGUII,0.07459961344678345
4299-SIMNS,0.5991077978763347
3167-SNQPL,0.6608557910420889
9848-JQJTX,0.09117115421581787
3308-MHOOC,0.29378267734933655
0565-JUPYD,0.10001748653800688
4962-CHQPW,0.018592312572549348
5177-RVZNU,0.02498805970443601
2474-BRUCM,0.5559133629602251
0963-ZBDRN,0.421054698934392
5583-SXDAG,0.7331571385318748
4989-LIXVT,0.5511506351307115
9565-DJPIB,0.6440239173509648
0670-ANMUU,0.09798406684401693
3457-PQBYH,0.013814379175122923
0956-SYCWG,0.06176781304072924
3824-RHKVR,0.0961956558021199
1140-UKVZG,0.06508307393577517
1293-BSEUN,0.00913697379698654
2592-HODOV,0.04208644665841628
4815-YOSUK,0.11003583691038984
4673-KKSLS,0.28757182632186706
9086-YJYXS,0.09473304685529056
8058-DMYRU,0.5236451019889345
7717-BICXI,0.009246546074773765
6776-TLWOI,0.17410093387709769
3812-LRZIR,0.013114470925397073
6980-CDGFC,0.026952642388682748
0907-HQNTS,0.0910207446273856
4671-LXRDQ,0.43108661577517526
0637-KVDLV,0.8066685166760673
7013-PSXHK,0.09335617783906237
3323-CPBWR,0.36264826510040205
3334-CTHOL,0.5997873621119184
6567-HOOPW,0.8743365882817573
3173-NVMPX,0.24160883933450975
0623-EJQEG,0.14837696642805753
6075-SLNIL,0.3326958676181987
9332-GYWLO,0.48488966979926895
1845-ZLLIG,0.30138857713179
1322-AGOQM,0.14222158570727378
3764-MNMOI,0.015034763992066585
9659-QEQSY,0.39020398991398714
1679-JRFBR,0.19361812129490516
9099-FTUHS,0.21149078688548242
4223-BKEOR,0.07239102649869453
5774-XZTQC,0.12689942661433085
9651-GTSAQ,0.17284455460700382
6496-SLWHQ,0.8296846400610707
0731-EBJQB,0.03983058145957059
6198-PNNSZ,0.17631256046412203
3877-JRJIP,0.5660924642764107
4480-MBMLB,0.23783144075406348
2659-VXMWZ,0.3429280586740018
6974-DAFLI,0.027503103355522213
2694-CIUMO,0.4315925628397568
1345-ZUKID,0.029415272285270227
1660-HSOOQ,0.5567230813949448
9565-JSNFM,0.08823033393178117
8952-WCVCD,0.1674773505077332
6168-YBYNP,0.3795891700214465
4250-FDVOU,0.17686640244613797
3871-IKPYH,0.6759209330295877
4194-FJARJ,0.024302602011491186
9248-OJYKK,0.8933324856915434
9764-REAFF,0.0140103544301512
9272-LSVYH,0.38441405538532486
9102-OXKFY,0.030991571286346015
4412-YLTKF,0.6345137813924923
2070-FNEXE,0.45116395254956027
4897-QSUYC,0.21392261721859715
0439-IFYUN,0.4834864002107325
9675-ICXCT,0.05651141417142068
1087-GRUYI,0.015084809638086744
3920-HIHMQ,0.17929800356282594
2187-PKZAY,0.4795673739808222
9851-KIELU,0.5673538486925401
1934-MKPXS,0.02773803724627877
9013-AQORL,0.1926481377985619
1852-XEMDW,0.13516858709276078
4459-BBGHE,0.46054402238029524
5294-CDGWY,0.0600250127107679
9847-HNVGP,0.025412382678604517
7892-QVYKW,0.5949080585732996
0133-BMFZO,0.38596468557978825
2672-TGEFF,0.5015708432371844
1930-BZLHI,0.027381140571260953
6478-HRRCZ,0.0528053925709626
5498-IBWPI,0.059858805665420595
5295-PCJOO,0.3907178539422885
2928-HLDBA,0.13531830107427775
5285-MVEHD,0.17551038356065554
9867-XOBQA,0.029128024077417106
7663-CUXZB,0.14591544530899736
8496-EJAUI,0.3633381886962418
1135-HIORI,0.32640219117645264
6625-IUTTT,0.03017833001868631
2314-TNDJQ,0.016041233953028537
2065-MMKGR,0.15782465485057742
6919-ELBGL,0.05356254593758496
4597-NUCQV,0.7367254274406762
4641-FROLU,0.010839834214518944
2883-ILGWO,0.3693619820177334
2599-CIPQE,0.05544695459359279
8681-ICONS,0.056978481806948894
2889-FPWRM,0.11417725319679727
3200-MNQTF,0.01719121419345303
8414-OOEEL,0.04262787222773217
7363-QTBIW,0.6583872144075886
7026-YMSBE,0.017978634146648718
2172-EJXVF,0.43421144302327563
7951-QKZPL,0.007882242104396102
7879-CGSFV,0.15355971044051606
0117-LFRMW,0.12747315920263627
2205-LPVGL,0.0446958051991968
8439-LTUGF,0.14843329905969524
6968-MHOMU,0.10037035809250663
6017-PPLPX,0.5019881492350966
7130-YXBRO,0.3862154681580922
2615-YVMYX,0.5028192740600241
4439-YRNVD,0.1801569752198625
3247-ZVOUO,0.7193174205730141
4945-RVMTE,0.19385036606769104
6048-NJXHX,0.025993255766394073
6599-RCLCJ,0.4196126076626757
1374-DMZUI,0.8248782976547411
1751-NCDLI,0.6681188569554799
7649-PHJVR,0.033883710739471745
6979-TNDEU,0.1164642443499573
8397-MVTAZ,0.692403054387587
7161-DFHUF,0.006096128101104845
2640-LYMOV,0.22448403976658887
4190-MFLUW,0.17816655105847026
6963-KQYQB,0.00622767819421141
2984-MIIZL,0.629987693340461
9473-CBZOP,0.0432130972247054
2845-HSJCY,0.7032023521666365
4628-CTTLA,0.1873815471352891
6172-FECYY,0.4287408372060417
6461-PPAXN,0.05844856164303475
2357-COQEK,0.6345575587478931
2300-RQGOI,0.009572791135741622
9432-VOFYX,0.49488710282180454
0380-ZCSBI,0.12442695335781022
3391-JSQEW,0.1598590405366474
9734-UYXQI,0.5084152418817178
2969-QWUBZ,0.45472437951934286
3352-RICWQ,0.02165609035577489
7544-ZVIKX,0.21316073830465043
5762-TJXGK,0.041673755717085204
0257-KXZGU,0.12185903480199076
9127-FHJBZ,0.11512950365435991
8314-DPQHL,0.0915280842936496
4472-LVYGI,0.08937024613464496
1552-TKMXS,0.06382511904464323
3106-ULWFW,0.5858602232445563
5651-YLPRD,0.45782530604188393
4106-HADHQ,0.077275638833038
1230-QAJDW,0.35631390188607726
2391-IPLOP,0.07610099183804585
5174-ITUMV,0.40138095638402477
9500-LTVBP,0.21419793805141138
2372-HWUHI,0.4827157877862674
9537-JALFH,0.013701277003508022
2227-JRSJX,0.258545978451056
9975-GPKZU,0.015323104959692434
9715-SBVSU,0.047242208083985215
5882-CMAZQ,0.22085824428398085
5453-AXEPF,0.4032207502825525
1897-RCFUM,0.011515870999876767
0447-RXSGD,0.5179406100179658
9921-QFQUL,0.41974294114639965
7075-BNDVQ,0.41859241296790967
2302-OUZXB,0.023408946490823413
2888-ADFAO,0.020214271140218423
9831-BPFRI,0.15061673322371932
5673-FSSMF,0.6474558628865776
6297-NOOPG,0.18826847803731103
5242-UOWHD,0.010347994858953534
6705-LNMDD,0.11648086449834691
4424-TKOPW,0.8453148569597552
8620-RJPZN,0.26923972240275623
3552-CTCYF,0.13835022213423903
9734-YWGEX,0.6602016117568491
3654-ARMGP,0.029002371235124596
2867-UIMSS,0.8416901227763242
3234-VKACU,0.42574301982406865
7203-OYKCT,0.3200016627707862
6458-CYIDZ,0.3807600294021339
6878-GGDWG,0.07763697766065168
4134-BSXLX,0.08572681111883351
5777-KJIRB,0.07948783499387138
5364-EVNIB,0.4907117464753546
0993-OSGPT,0.08484700053263348
8402-EIVQS,0.1480829094001875
5701-GUXDC,0.05474696512002876
3727-OVPRY,0.014448288275693203
3896-ZVNET,0.010671761472276036
4700-UBQMV,0.1084745341266341
9391-YZEJW,0.14658162676277273
9541-ZPSEA,0.037815763734527025
9648-BCHKM,0.014926158098917962
6357-JJPQT,0.7274993763440403
7571-YXDAD,0.6678358265753682
9548-ZMVTX,0.03100455509072106
7452-FOLON,0.01814344041103853
7208-PSIHR,0.1260884905178339
0637-YLETY,0.4607631707499692
5854-KSRBJ,0.00629015215486113
5044-LRQAQ,0.4997356308181964
6384-VMJHP,0.02699384983313521
0742-LAFQK,0.09404475498821653
1768-HNVGJ,0.2505893425173463
5993-BQHEA,0.044706703948669435
5950-AAAGJ,0.4167579004072696
6769-DCQLI,0.14810701790073985
2085-BOJKI,0.20556552174912834
6513-EECDB,0.8585978932937686
3211-ILJTT,0.305138312826815
7120-RFMVS,0.8831214321496004
4884-ZTHVF,0.5818501762205338
2263-SFSQZ,0.007743892541223468
4061-UKJWL,0.3725142014190919
6080-LNESI,0.007383256219040724
7542-CYDDM,0.07903876657757886
6323-AYBRX,0.009282473056482542
1488-PBLJN,0.056237111011646995
7279-NMVJC,0.034740099793272916
1207-BLKSA,0.007101249621267766
8563-OYMQY,0.36157808792497337
9581-GVBXT,0.03712580244804476
4854-CIDCF,0.6436566726363782
7311-MQJCH,0.08513083137926228
4439-JMPMT,0.5146963554780261
7470-DYNOE,0.1385117959223678
8017-LXHFA,0.5225565757511849
5537-UXXVS,0.09340444391786412
6128-CZOMY,0.601330328414503
6711-VTNRE,0.33608550791609115
7083-YNSKY,0.07215579553735736
4837-QUSFT,0.09161174800487465
2984-AFWNC,0.6529682097815921
4013-TLDHQ,0.4446710197116618
2480-SQIOB,0.4765243745478704
3932-IJWDZ,0.35920532168186314
5982-PSMKW,0.031560624620754395
2535-PBCGC,0.020367011463304052
8699-ASUFO,0.6097088903176296
0129-KPTWJ,0.4218297337910019
8083-YTZES,0.738918131117108
9572-MTILT,0.2838956307640816
5183-KLYEM,0.05969947620067052
0929-HYQEW,0.3094312476872215
1862-QRWPE,0.01564379803612509
4929-BSTRX,0.5715611275001661
7442-YGZFK,0.5573782273225311
6087-MVHJH,0.7044838194796714
0094-OIFMO,0.5846019212556471
9970-QBCDA,0.1575655264094055
5671-RQRLP,0.07107195309579985
3727-OWVYD,0.04697925289100741
2275-RBYQS,0.5335993983311513
3178-FESZO,0.8862091398689907
7854-FOKSF,0.7774295103389103
3563-SVYLG,0.023101067917986044
0877-SDMBN,0.19978446753207413
5937-EORGB,0.7472109976632479
3005-TYFRD,0.4339008189383768
2856-NNASM,0.3936397708047248
1154-HYWWO,0.047525188267852854
3834-XUIFC,0.6257236232596901
8734-DKSTZ,0.6922040499235016
3097-IDVPU,0.20028046045360487
9619-GSATL,0.052668795978272696
9739-JLPQJ,0.04705119727727601
0655-YDGFJ,0.15533998872068866
8007-YYPWD,0.018490011847340677
3481-JHUZH,0.46308376389016814
3440-JPSCL,0.583781064019128
7206-PQBBZ,0.556761637036617
5804-HYIEZ,0.42514205219515716
3811-VBYBZ,0.7929540918613612
9578-FOMUK,0.08982570148691764
4999-IEZLT,0.03446051887175195
7503-ZGUZJ,0.8826776203196488
0679-IDSTG,0.7868211108696646
6813-GZQCG,0.010832988025832477
4976-LNFVV,0.34389141876588425
3378-AJRAO,0.016837635133452086
3519-ZKXGG,0.7749427470970337
7950-XWOVN,0.2737744833421981
6358-LYNGM,0.8713861916939798
2885-HIJDH,0.0228047820181882
7688-AWMDX,0.023113422721516758
0409-WTMPL,0.20192139785902763
0508-SQWPL,0.018875110657441904
6212-ATMLK,0.6199481427118129
7838-LAZFO,0.05465273335782487
5312-TSZVC,0.02924403457955585
5716-LIBJC,0.3144502089134033
7479-NITWS,0.6179569658665436
4955-VCWBI,0.01569835318885021
3898-GUYTS,0.3831616702538825
2135-RXIHG,0.5953645712386257
5371-VYLSX,0.31675211538220893
0942-KOWSM,0.03678418860577453
8109-YUOHE,0.05083592649408755
0156-FVPTA,0.23620775319419535
0991-BRRFB,0.22067163186566963
2878-RMWXY,0.057027827699029685
6728-VOIFY,0.21357891494712508
6060-DRTNL,0.6062244561446903
2171-UDMFD,0.09588695987474942
1981-INRFU,0.7724806241267965
3898-BSJYF,0.10745168746494953
2952-QAYZF,0.6690410362556576
2235-DWLJU,0.7218112379154727
8401-EMUWF,0.10635926903009615
7306-YDSOI,0.03046742336794109
1383-EZRWL,0.12604701513445996
9153-BTBVV,0.008166643649441476
0883-EIBTI,0.18915895944843777
2160-GPFXD,0.024557612451051165
8617-ENBDS,0.6198700300936076
4298-OYIFC,0.6697925713615697
1023-BQXZE,0.041550426833941854
8809-XKHMD,0.05161455595347493
3612-YUNGG,0.12135864531462436
3537-HPKQT,0.23935019676624958
7384-GHBPI,0.6917544735577091
5996-EBTKM,0.03638519626716166
0812-WUPTB,0.7402890826823756
5756-JYOJT,0.120925953070535
9830-ECLEN,0.03791272971383548
0916-QOFDP,0.7903534922916537
0604-THJFP,0.05470935214165841
1658-XUHBX,0.34338430638782824
5196-SGOAK,0.7258856885328745
7395-IGJOS,0.4175921688734384
1697-LYYYX,0.02177655023252464
9867-NNXLC,0.08294597360275009
0843-WTBXE,0.24303380300513486
5016-IBERQ,0.450986554958084
1927-QEWMY,0.009759722242818692
4480-QQRHC,0.5538597894801472
8100-PNJMH,0.02282694491988952
4674-HGNUA,0.017522432192994132
2194-IIQOF,0.018355374778557882
1623-NLDOT,0.05226005425314171
9103-TCIHJ,0.21011474810218228
6103-LIANB,0.12578274182378527
8756-RDDLT,0.10503688908714358
9524-EGPJC,0.5036650590186884
9290-SHCMB,0.7466196115255207
8857-CUPFQ,0.009139169927883774
7079-QRCBC,0.765790832690759
2404-JIBFC,0.029948684930110474
7408-OFWXJ,0.014590326297803045
9497-QCMMS,0.9081015111523753
2005-DWQZJ,0.02231433205274073
2967-MXRAV,0.08263740617280955
1455-ESIQH,0.8805154668974022
9110-HSGTV,0.03605095850532841
0017-IUDMW,0.059020424700244996
2452-KDRRH,0.5507874865275316
8189-XRIKE,0.5680895340279398
2907-ILJBN,0.0336416153180737
1215-FIGMP,0.27263381909664
0788-DXBFY,0.041221641509849714
8824-RWFXJ,0.22644673138994453
6215-NQCPY,0.7755974098736175
1013-QCWAM,0.6791180528316626
1409-PHXTF,0.17452773538238478
4425-OWHWB,0.04026569971107655
8993-IZEUX,0.43368679062674237
8069-YQQAJ,0.2695138493492169
9821-POOTN,0.5134637200269943
5708-EVONK,0.15128536944993037
4325-NFSKC,0.5957639800985025
8996-ZROXE,0.1296535748902522
2045-BMBTJ,0.29885032591173183
2212-LYASK,0.13270000824870723
4332-MUOEZ,0.1896365898658952
6968-GMKPR,0.33127111604043985
7109-MFBYV,0.26029505027253796
2587-EKXTS,0.5220798827182429
4763-PGDPO,0.6138731594532781
1166-PQLGG,0.017734070125092326
4351-QLCSU,0.5405176120172521
3315-TOTBP,0.46864378061715245
4026-SKKHW,0.28357147136277683
8384-FZBJK,0.6021308429912424
9944-HKVVB,0.453278488172396
5419-KLXBN,0.32686632684836
6376-GAHQE,0.6928132079168348
6050-IJRHS,0.4042927984171275
4118-CEVPF,0.25922778850813977
4391-RESHN,0.4641448933959601
0689-NKYLF,0.6591763141847035
5976-JCJRH,0.5589184717147727
9220-CXRSC,0.021445141539230165
4825-XJGDM,0.03473413307381385
8593-WHYHV,0.8275191509165919
7279-BUYWN,0.63698004578815
1257-SXUXQ,0.14334834482494263
7623-HKYRK,0.1372568828025096
6116-RFVHN,0.700310371616655
8043-PNYSD,0.009347574856496626
3230-IUALN,0.04470511215426497
4128-ETESU,0.6159721062382563
0257-ZESQC,0.3192538465416265
4906-ZHGPK,0.05787515212372884
0301-FIDRB,0.01878391994901035
2550-AEVRU,0.03281909847650766
6476-EPYZR,0.10497425462846718
0336-PIKEI,0.02908940525528808
5201-CBWYG,0.01396558228476101
0678-RLHVP,0.20499017334004008
1293-HHSHJ,0.01576725748372982
