spends_0,spends_1,spends_2,purchases_0,purchases_1,purchases_2,cltv
654.06,0.0,0.0,1.0,0.0,0.0,654.06
1008.744,735.141,0.0,1.0,1.0,0.0,1743.885
979.638,0.0,0.0,1.0,0.0,0.0,979.638
104.841,0.0,0.0,1.0,0.0,0.0,104.841
1533.906,0.0,0.0,1.0,0.0,0.0,3361.38
2352.603,0.0,0.0,2.0,0.0,0.0,2352.603
1477.608,0.0,466.488,2.0,0.0,1.0,2342.406
363.33,0.0,0.0,1.0,0.0,0.0,1344.75
637.395,0.0,0.0,1.0,0.0,0.0,1349.04
539.517,644.358,0.0,1.0,1.0,0.0,2053.7219999999998
1064.5140000000001,0.0,0.0,1.0,0.0,0.0,1064.5140000000001
1106.556,0.0,0.0,1.0,0.0,0.0,1106.556
2081.31,0.0,0.0,1.0,0.0,0.0,2081.31
749.826,0.0,0.0,1.0,0.0,0.0,749.826
931.59,0.0,0.0,1.0,0.0,0.0,931.59
2200.737,0.0,1503.249,1.0,0.0,1.0,3703.986
1042.8,0.0,0.0,2.0,0.0,0.0,2081.772
906.939,0.0,0.0,2.0,0.0,0.0,906.939
590.7,0.0,0.0,1.0,0.0,0.0,590.7
757.251,0.0,0.0,1.0,0.0,0.0,757.251
1355.31,1157.64,0.0,1.0,1.0,0.0,2512.95
718.7729999999999,0.0,0.0,1.0,0.0,0.0,718.7729999999999
1099.56,1071.51,0.0,1.0,1.0,0.0,2171.0699999999997
757.647,0.0,0.0,1.0,0.0,0.0,757.647
1394.382,0.0,0.0,1.0,0.0,0.0,1394.382
333.96,0.0,0.0,1.0,0.0,0.0,333.96
1018.644,0.0,0.0,1.0,0.0,0.0,1018.644
1067.946,1894.827,0.0,1.0,1.0,0.0,5230.3679999999995
1128.27,0.0,0.0,1.0,0.0,0.0,1128.27
988.284,2051.808,1156.782,2.0,4.0,3.0,9521.985
2056.659,0.0,0.0,2.0,0.0,0.0,41856.903
1116.885,1004.52,1177.77,1.0,1.0,2.0,3299.175
1065.075,0.0,0.0,1.0,0.0,0.0,1065.075
2599.641,0.0,1810.875,2.0,0.0,1.0,7313.031
186.12,0.0,0.0,1.0,0.0,0.0,186.12
936.2429999999999,0.0,0.0,1.0,0.0,0.0,936.2429999999999
2312.64,578.16,0.0,2.0,1.0,0.0,2890.7999999999997
377.19,0.0,0.0,1.0,0.0,0.0,377.19
689.9639999999999,0.0,831.27,1.0,0.0,1.0,2686.332
2324.85,0.0,0.0,1.0,0.0,0.0,2324.85
891.627,0.0,0.0,1.0,0.0,0.0,2427.5460000000003
687.588,0.0,0.0,1.0,0.0,0.0,687.588
1205.391,0.0,0.0,1.0,0.0,0.0,1205.391
588.753,0.0,0.0,1.0,0.0,0.0,588.753
1034.517,0.0,0.0,1.0,0.0,0.0,1034.517
1751.607,0.0,1582.5149999999999,1.0,0.0,1.0,3334.122
1352.01,937.9590000000001,0.0,1.0,1.0,0.0,2289.969
391.875,0.0,0.0,1.0,0.0,0.0,391.875
663.927,0.0,0.0,1.0,0.0,0.0,663.927
2960.925,0.0,0.0,1.0,0.0,0.0,2960.925
354.585,0.0,0.0,1.0,0.0,0.0,354.585
1043.658,0.0,0.0,1.0,0.0,0.0,1043.658
233.64,471.30600000000004,1743.291,2.0,1.0,1.0,3602.082
813.4830000000001,0.0,0.0,2.0,0.0,0.0,813.4830000000001
1149.06,0.0,0.0,1.0,0.0,0.0,1149.06
2009.7330000000002,0.0,0.0,1.0,0.0,0.0,3378.474
1103.982,0.0,0.0,1.0,0.0,0.0,1103.982
2110.812,0.0,1773.75,1.0,0.0,1.0,3884.562
924.165,0.0,0.0,1.0,0.0,0.0,2339.37
456.555,0.0,469.26,1.0,0.0,1.0,925.815
5732.892,10607.256,0.0,3.0,1.0,0.0,37537.104
328.944,0.0,0.0,2.0,0.0,0.0,328.944
864.501,0.0,0.0,1.0,0.0,0.0,864.501
1084.809,246.51,0.0,2.0,1.0,0.0,1331.319
1450.68,0.0,0.0,1.0,0.0,0.0,1450.68
1919.4779999999998,1203.345,0.0,1.0,1.0,0.0,4721.838
531.135,0.0,0.0,1.0,0.0,0.0,531.135
235.62,0.0,0.0,1.0,0.0,0.0,235.62
1011.912,0.0,0.0,1.0,0.0,0.0,1011.912
544.5,0.0,0.0,1.0,0.0,0.0,544.5
3437.511,0.0,1170.576,2.0,0.0,1.0,4608.0869999999995
572.187,0.0,0.0,1.0,0.0,0.0,572.187
819.786,0.0,0.0,1.0,0.0,0.0,819.786
3117.147,0.0,1894.728,2.0,0.0,1.0,9038.898000000001
831.798,0.0,776.49,2.0,0.0,2.0,1608.288
1144.275,0.0,0.0,1.0,0.0,0.0,1144.275
692.472,667.755,798.6990000000001,1.0,1.0,1.0,2726.262
359.634,401.94,0.0,1.0,1.0,0.0,761.5740000000001
522.159,1008.348,0.0,1.0,1.0,0.0,1530.507
751.4100000000001,1007.292,0.0,1.0,1.0,0.0,1758.7020000000002
336.59999999999997,6.93,355.311,1.0,1.0,1.0,698.8409999999999
3563.439,0.0,4130.016,2.0,0.0,2.0,13733.478
540.54,0.0,395.43899999999996,1.0,0.0,1.0,935.9789999999999
1558.194,0.0,0.0,1.0,0.0,0.0,1558.194
977.625,0.0,0.0,1.0,0.0,0.0,977.625
3360.192,0.0,0.0,1.0,0.0,0.0,3360.192
2032.47,0.0,0.0,1.0,0.0,0.0,3018.675
986.337,0.0,0.0,1.0,0.0,0.0,986.337
382.899,0.0,0.0,1.0,0.0,0.0,382.899
1737.714,0.0,0.0,3.0,0.0,0.0,1737.714
914.595,0.0,0.0,1.0,0.0,0.0,914.595
197.67,0.0,0.0,1.0,0.0,0.0,197.67
1783.122,0.0,198.0,3.0,0.0,1.0,2622.642
613.8,0.0,0.0,1.0,0.0,0.0,1696.695
1123.848,874.566,0.0,1.0,1.0,0.0,1998.414
362.043,582.9780000000001,0.0,1.0,1.0,0.0,1320.33
1016.4,0.0,0.0,2.0,0.0,0.0,2239.908
514.569,0.0,0.0,1.0,0.0,0.0,514.569
638.55,0.0,0.0,1.0,0.0,0.0,1661.055
449.79,376.20000000000005,353.1,1.0,1.0,1.0,1179.0900000000001
1003.101,0.0,0.0,1.0,0.0,0.0,1003.101
331.65,0.0,0.0,1.0,0.0,0.0,331.65
949.245,0.0,0.0,2.0,0.0,0.0,949.245
1007.985,0.0,0.0,1.0,0.0,0.0,1007.985
4909.6410000000005,1424.445,3001.977,2.0,1.0,3.0,13680.216
1035.276,0.0,870.276,1.0,0.0,2.0,1905.5520000000001
1594.56,0.0,0.0,1.0,0.0,0.0,1594.56
1324.917,0.0,2015.904,1.0,0.0,1.0,5452.853999999999
6415.002,0.0,0.0,1.0,0.0,0.0,6415.002
302.94,0.0,0.0,1.0,0.0,0.0,302.94
481.47,0.0,0.0,1.0,0.0,0.0,481.47
1305.579,0.0,0.0,1.0,0.0,0.0,1305.579
1001.5500000000001,1006.17,0.0,1.0,1.0,0.0,2007.72
264.0,0.0,4785.0,1.0,0.0,5.0,5049.0
2121.174,0.0,0.0,2.0,0.0,0.0,4759.128000000001
1352.769,0.0,0.0,1.0,0.0,0.0,1352.769
595.98,0.0,0.0,1.0,0.0,0.0,595.98
1861.992,0.0,1328.151,2.0,0.0,1.0,4883.109
500.478,0.0,0.0,1.0,0.0,0.0,1386.264
1278.651,0.0,0.0,1.0,0.0,0.0,1278.651
269.28,0.0,0.0,1.0,0.0,0.0,269.28
7810.374,11563.596,5191.527,2.0,1.0,2.0,47563.263
2286.7019999999998,0.0,0.0,1.0,0.0,0.0,2286.7019999999998
251.85600000000002,0.0,0.0,1.0,0.0,0.0,251.85600000000002
3409.3289999999997,0.0,0.0,3.0,0.0,0.0,3409.3289999999997
578.16,0.0,0.0,1.0,0.0,0.0,578.16
707.85,0.0,0.0,1.0,0.0,0.0,707.85
970.86,0.0,0.0,1.0,0.0,0.0,970.86
6196.806,1009.173,1100.8799999999999,5.0,1.0,1.0,12650.649
1378.377,0.0,0.0,1.0,0.0,0.0,1378.377
374.484,0.0,0.0,1.0,0.0,0.0,537.042
334.521,409.233,0.0,1.0,1.0,0.0,743.754
1375.077,0.0,960.3,1.0,0.0,1.0,2335.377
1995.675,0.0,0.0,1.0,0.0,0.0,1995.675
2230.4700000000003,4313.199,1675.938,2.0,3.0,2.0,8219.607
3852.453,0.0,0.0,1.0,0.0,0.0,6030.915
499.95,0.0,0.0,1.0,0.0,0.0,499.95
171.60000000000002,0.0,0.0,2.0,0.0,0.0,171.60000000000002
455.07,0.0,0.0,1.0,0.0,0.0,455.07
709.5,339.57,0.0,2.0,1.0,0.0,1765.665
262.68,0.0,0.0,1.0,0.0,0.0,262.68
421.047,0.0,0.0,1.0,0.0,0.0,421.047
1898.1599999999999,0.0,0.0,3.0,0.0,0.0,1898.1599999999999
49.5,0.0,0.0,1.0,0.0,0.0,49.5
1274.394,357.456,0.0,1.0,1.0,0.0,1631.85
1439.4270000000001,1674.024,2454.87,5.0,6.0,7.0,16165.677
440.74800000000005,0.0,0.0,1.0,0.0,0.0,440.74800000000005
584.958,0.0,333.927,1.0,0.0,1.0,1937.298
988.02,0.0,1609.575,1.0,0.0,1.0,2597.5950000000003
1699.269,0.0,451.11,1.0,0.0,1.0,2150.379
1353.594,0.0,0.0,1.0,0.0,0.0,2698.245
746.2620000000001,0.0,0.0,1.0,0.0,0.0,1285.152
716.76,0.0,0.0,1.0,0.0,0.0,716.76
1152.03,0.0,0.0,1.0,0.0,0.0,1152.03
1134.87,587.07,1011.7800000000001,1.0,1.0,1.0,4533.8369999999995
439.725,0.0,0.0,1.0,0.0,0.0,439.725
1568.721,0.0,0.0,1.0,0.0,0.0,1568.721
942.48,0.0,0.0,1.0,0.0,0.0,942.48
1547.04,0.0,0.0,1.0,0.0,0.0,1547.04
652.74,0.0,0.0,1.0,0.0,0.0,1143.78
344.025,329.175,420.75,1.0,1.0,1.0,1425.93
2291.058,0.0,1170.3780000000002,1.0,0.0,1.0,4588.452
770.385,0.0,0.0,1.0,0.0,0.0,770.385
1035.54,0.0,0.0,1.0,0.0,0.0,1035.54
1473.846,0.0,0.0,1.0,0.0,0.0,1473.846
309.87,0.0,0.0,1.0,0.0,0.0,309.87
1303.83,0.0,0.0,1.0,0.0,0.0,1952.808
1038.279,0.0,0.0,1.0,0.0,0.0,1038.279
365.64,0.0,0.0,1.0,0.0,0.0,365.64
944.625,0.0,891.66,1.0,0.0,1.0,3313.695
1024.4850000000001,0.0,0.0,1.0,0.0,0.0,1024.4850000000001
730.62,1184.37,0.0,1.0,1.0,0.0,3786.057
74.58,0.0,0.0,1.0,0.0,0.0,74.58
1141.536,0.0,995.874,1.0,0.0,1.0,2137.41
2170.41,0.0,2396.13,1.0,0.0,1.0,4566.54
721.116,0.0,0.0,1.0,0.0,0.0,721.116
1101.342,0.0,0.0,1.0,0.0,0.0,1101.342
338.778,0.0,0.0,1.0,0.0,0.0,1107.183
848.826,0.0,0.0,1.0,0.0,0.0,1546.9409999999998
1452.66,0.0,0.0,1.0,0.0,0.0,1452.66
207.405,0.0,0.0,1.0,0.0,0.0,207.405
1615.6799999999998,0.0,0.0,1.0,0.0,0.0,1615.6799999999998
969.111,0.0,0.0,2.0,0.0,0.0,969.111
383.46000000000004,0.0,0.0,1.0,0.0,0.0,383.46000000000004
1090.65,0.0,0.0,1.0,0.0,0.0,1090.65
1772.991,1187.835,438.9,3.0,2.0,1.0,6658.971
322.179,0.0,0.0,1.0,0.0,0.0,322.179
1359.171,1115.136,0.0,1.0,1.0,0.0,2474.307
1300.794,0.0,0.0,1.0,0.0,0.0,2201.529
1047.354,0.0,1053.096,1.0,0.0,1.0,4102.692
637.659,0.0,0.0,1.0,0.0,0.0,1276.605
1555.29,0.0,0.0,1.0,0.0,0.0,5704.907999999999
1256.805,0.0,328.185,2.0,0.0,1.0,1584.99
2320.725,0.0,0.0,1.0,0.0,0.0,2320.725
1054.02,0.0,0.0,1.0,0.0,0.0,1054.02
725.967,1184.865,0.0,1.0,1.0,0.0,1910.8319999999999
2645.28,0.0,0.0,1.0,0.0,0.0,3651.1200000000003
3492.951,0.0,0.0,1.0,0.0,0.0,3492.951
1035.21,1547.865,0.0,1.0,2.0,0.0,6142.2570000000005
767.085,1130.613,0.0,2.0,1.0,0.0,2800.1490000000003
24.75,0.0,0.0,1.0,0.0,0.0,24.75
478.665,0.0,0.0,1.0,0.0,0.0,478.665
1365.507,0.0,0.0,1.0,0.0,0.0,2305.215
1851.828,1397.0880000000002,1206.48,1.0,1.0,1.0,4455.396000000001
2806.023,1366.992,0.0,1.0,1.0,0.0,4173.015
2532.321,787.611,2294.985,1.0,1.0,2.0,7721.109
1650.462,0.0,0.0,2.0,0.0,0.0,1650.462
253.176,319.73699999999997,0.0,1.0,2.0,0.0,572.913
2363.856,0.0,0.0,1.0,0.0,0.0,2363.856
493.812,0.0,0.0,2.0,0.0,0.0,493.812
1018.215,675.774,919.05,1.0,1.0,1.0,3445.266
506.55,0.0,642.015,1.0,0.0,1.0,1148.565
1016.0699999999999,0.0,0.0,1.0,0.0,0.0,1016.0699999999999
444.51,0.0,0.0,1.0,0.0,0.0,444.51
1883.508,0.0,0.0,1.0,0.0,0.0,1883.508
547.8,2495.163,0.0,1.0,2.0,0.0,3624.291
3705.174,1910.865,2626.4700000000003,3.0,2.0,2.0,16684.272
791.868,0.0,0.0,1.0,0.0,0.0,791.868
2384.184,0.0,0.0,2.0,0.0,0.0,2384.184
1663.596,0.0,0.0,2.0,0.0,0.0,1663.596
2922.084,7707.843,0.0,2.0,1.0,0.0,20180.325
996.27,0.0,0.0,1.0,0.0,0.0,996.27
1068.243,1013.7600000000001,7334.745,1.0,1.0,3.0,17721.99
1419.231,369.27,0.0,2.0,1.0,0.0,3144.933
1726.065,0.0,0.0,1.0,0.0,0.0,5209.611
858.858,0.0,0.0,2.0,0.0,0.0,858.858
657.954,0.0,0.0,1.0,0.0,0.0,657.954
5207.301,1890.24,0.0,2.0,1.0,0.0,7097.541
699.4019999999999,0.0,0.0,1.0,0.0,0.0,2286.57
1357.389,897.039,0.0,2.0,1.0,0.0,2254.428
1210.143,982.8389999999999,0.0,2.0,2.0,0.0,2192.982
1425.93,0.0,0.0,2.0,0.0,0.0,1425.93
2381.115,2758.965,0.0,1.0,1.0,0.0,5140.08
828.993,0.0,0.0,1.0,0.0,0.0,828.993
600.6659999999999,0.0,827.244,1.0,0.0,1.0,1927.2
559.845,0.0,0.0,1.0,0.0,0.0,559.845
610.335,896.379,0.0,1.0,2.0,0.0,1506.714
793.98,0.0,0.0,1.0,0.0,0.0,1919.511
653.664,0.0,0.0,1.0,0.0,0.0,653.664
3235.32,0.0,0.0,1.0,0.0,0.0,4759.59
1214.796,0.0,0.0,1.0,0.0,0.0,1214.796
1350.03,0.0,0.0,1.0,0.0,0.0,1350.03
1000.065,0.0,267.63,2.0,0.0,1.0,3471.831
9488.82,8584.653,9264.123,2.0,2.0,1.0,42671.904
469.42499999999995,0.0,0.0,1.0,0.0,0.0,1208.295
952.05,0.0,0.0,1.0,0.0,0.0,952.05
989.736,996.105,0.0,1.0,1.0,0.0,2814.471
2148.63,0.0,0.0,1.0,0.0,0.0,2148.63
887.04,0.0,0.0,1.0,0.0,0.0,887.04
666.402,0.0,0.0,1.0,0.0,0.0,1030.656
2928.09,0.0,0.0,1.0,0.0,0.0,2928.09
1132.758,365.31,0.0,1.0,1.0,0.0,2057.418
1000.395,0.0,0.0,1.0,0.0,0.0,1000.395
2355.507,1740.5520000000001,0.0,1.0,1.0,0.0,5275.149
709.665,0.0,0.0,1.0,0.0,0.0,709.665
561.33,0.0,0.0,1.0,0.0,0.0,561.33
1870.935,0.0,0.0,1.0,0.0,0.0,6351.147000000001
2855.919,0.0,0.0,2.0,0.0,0.0,3539.019
916.08,1422.696,451.63800000000003,1.0,2.0,1.0,2790.4139999999998
507.474,0.0,0.0,1.0,0.0,0.0,507.474
831.9300000000001,0.0,0.0,1.0,0.0,0.0,831.9300000000001
563.112,0.0,1044.45,1.0,0.0,2.0,3931.818
635.8439999999999,677.094,0.0,1.0,1.0,0.0,1312.938
859.815,0.0,1095.27,1.0,0.0,1.0,1955.085
340.725,0.0,0.0,1.0,0.0,0.0,340.725
1529.253,0.0,0.0,1.0,0.0,0.0,1529.253
706.86,1269.18,0.0,1.0,1.0,0.0,1976.04
881.199,0.0,0.0,1.0,0.0,0.0,881.199
2125.596,1125.102,841.5989999999999,4.0,1.0,1.0,8855.351999999999
830.016,0.0,0.0,1.0,0.0,0.0,830.016
874.5,0.0,1108.8990000000001,1.0,0.0,1.0,1983.3990000000001
2089.23,0.0,0.0,1.0,0.0,0.0,2089.23
1234.8600000000001,0.0,0.0,2.0,0.0,0.0,1234.8600000000001
991.8149999999999,0.0,0.0,1.0,0.0,0.0,991.8149999999999
297.396,0.0,0.0,1.0,0.0,0.0,297.396
2434.113,0.0,0.0,1.0,0.0,0.0,2434.113
18.15,0.0,358.05,1.0,0.0,1.0,530.64
185.625,0.0,0.0,1.0,0.0,0.0,185.625
433.95,0.0,0.0,1.0,0.0,0.0,433.95
993.696,519.42,0.0,1.0,1.0,0.0,1513.116
930.765,0.0,0.0,1.0,0.0,0.0,930.765
1357.6200000000001,0.0,0.0,1.0,0.0,0.0,2190.969
991.5179999999999,538.56,830.148,1.0,1.0,1.0,2360.2259999999997
448.47,0.0,0.0,1.0,0.0,0.0,448.47
1932.6779999999999,0.0,1725.768,1.0,0.0,1.0,3658.446
2411.607,0.0,0.0,2.0,0.0,0.0,2411.607
2253.24,0.0,0.0,1.0,0.0,0.0,2253.24
5043.522,0.0,0.0,2.0,0.0,0.0,7828.557
1056.4950000000001,1162.986,1209.549,1.0,1.0,1.0,5538.159000000001
2465.925,0.0,0.0,2.0,0.0,0.0,3476.9130000000005
1076.889,0.0,0.0,1.0,0.0,0.0,1076.889
1002.87,1273.9650000000001,0.0,1.0,1.0,0.0,2276.835
1215.918,0.0,0.0,2.0,0.0,0.0,1614.888
1120.02,0.0,0.0,1.0,0.0,0.0,1120.02
781.506,0.0,0.0,2.0,0.0,0.0,781.506
4560.336,6227.562,0.0,1.0,2.0,0.0,17776.374
1850.211,0.0,0.0,1.0,0.0,0.0,1850.211
7973.823,2941.191,0.0,3.0,2.0,0.0,22045.32
2034.5159999999998,855.756,0.0,2.0,1.0,0.0,2890.272
3062.565,0.0,1414.446,1.0,0.0,2.0,4477.011
1471.8,0.0,1105.863,1.0,0.0,1.0,2577.663
987.162,1424.874,0.0,1.0,1.0,0.0,3496.482
1500.18,1960.332,2796.354,1.0,1.0,1.0,20199.828
1569.612,0.0,0.0,1.0,0.0,0.0,1569.612
1325.181,0.0,0.0,1.0,0.0,0.0,1325.181
793.815,0.0,637.23,1.0,0.0,1.0,2394.909
1766.556,0.0,0.0,1.0,0.0,0.0,1766.556
1288.98,0.0,0.0,1.0,0.0,0.0,1288.98
307.494,0.0,0.0,1.0,0.0,0.0,307.494
4294.95,0.0,0.0,2.0,0.0,0.0,4294.95
510.048,432.03600000000006,1123.452,2.0,2.0,1.0,2065.536
759.825,0.0,0.0,1.0,0.0,0.0,759.825
1152.195,2058.144,2356.893,1.0,1.0,2.0,11482.185
603.405,0.0,0.0,1.0,0.0,0.0,1000.296
683.496,0.0,0.0,2.0,0.0,0.0,1471.074
1248.093,0.0,0.0,1.0,0.0,0.0,1248.093
421.74,792.0,0.0,1.0,1.0,0.0,1213.74
18953.615999999998,4439.16,12108.822,6.0,2.0,5.0,90638.757
2701.545,1253.01,3366.957,4.0,1.0,2.0,13807.728
1907.268,1649.8020000000001,0.0,3.0,2.0,0.0,3557.07
709.533,0.0,0.0,1.0,0.0,0.0,2211.66
2722.632,0.0,0.0,1.0,0.0,0.0,2722.632
1618.32,0.0,0.0,1.0,0.0,0.0,1618.32
1372.8,0.0,0.0,1.0,0.0,0.0,1372.8
1324.323,0.0,0.0,1.0,0.0,0.0,1324.323
1351.35,2411.046,0.0,1.0,1.0,0.0,3762.3959999999997
333.465,886.083,512.49,1.0,1.0,1.0,1732.038
6032.928,1596.87,2687.19,3.0,1.0,2.0,19250.484
1032.669,1265.913,1137.51,1.0,1.0,1.0,3436.092
1311.288,0.0,0.0,1.0,0.0,0.0,1311.288
1004.652,0.0,1127.6100000000001,1.0,0.0,1.0,2132.262
538.56,0.0,0.0,1.0,0.0,0.0,538.56
325.71,0.0,0.0,1.0,0.0,0.0,846.2849999999999
159.555,0.0,0.0,1.0,0.0,0.0,159.555
1087.548,0.0,0.0,1.0,0.0,0.0,1087.548
2684.748,1652.2440000000001,1328.778,3.0,2.0,1.0,10495.782
1163.283,0.0,0.0,1.0,0.0,0.0,1576.7069999999999
782.331,0.0,0.0,1.0,0.0,0.0,782.331
2006.136,0.0,0.0,2.0,0.0,0.0,2006.136
2239.908,0.0,933.4050000000001,1.0,0.0,1.0,3173.313
378.18,246.048,0.0,1.0,1.0,0.0,624.2280000000001
637.626,0.0,0.0,1.0,0.0,0.0,3678.246
963.963,0.0,0.0,1.0,0.0,0.0,963.963
1478.037,0.0,0.0,2.0,0.0,0.0,1478.037
1563.606,681.78,56.1,1.0,1.0,1.0,2301.486
2036.43,0.0,1766.82,1.0,0.0,2.0,3803.25
2524.401,0.0,0.0,1.0,0.0,0.0,2524.401
741.246,0.0,0.0,1.0,0.0,0.0,741.246
416.724,657.789,395.208,1.0,1.0,1.0,1860.606
1498.365,0.0,0.0,3.0,0.0,0.0,1498.365
1403.8200000000002,1122.825,0.0,1.0,1.0,0.0,2526.6450000000004
595.452,483.61499999999995,1047.09,1.0,1.0,2.0,4219.71
597.696,0.0,0.0,1.0,0.0,0.0,597.696
734.58,603.24,1276.77,1.0,1.0,1.0,3022.4700000000003
673.2,0.0,0.0,1.0,0.0,0.0,673.2
372.075,0.0,0.0,1.0,0.0,0.0,372.075
1580.337,0.0,0.0,1.0,0.0,0.0,1580.337
2393.523,0.0,0.0,1.0,0.0,0.0,2393.523
1495.89,1225.62,1833.843,1.0,1.0,1.0,4555.353
1373.163,0.0,0.0,1.0,0.0,0.0,3535.455
336.6,0.0,0.0,1.0,0.0,0.0,336.6
996.6,0.0,0.0,1.0,0.0,0.0,996.6
2258.058,0.0,1116.522,1.0,0.0,1.0,4364.877
588.06,0.0,0.0,1.0,0.0,0.0,588.06
985.116,0.0,0.0,2.0,0.0,0.0,985.116
5611.32,0.0,0.0,1.0,0.0,0.0,5611.32
923.505,1652.607,1283.37,1.0,2.0,2.0,5803.809
979.11,0.0,0.0,1.0,0.0,0.0,979.11
1410.42,0.0,1510.08,1.0,0.0,2.0,2920.5
1668.942,0.0,0.0,2.0,0.0,0.0,3257.232
7824.894,1097.712,2536.842,6.0,1.0,3.0,18568.044
1396.527,0.0,0.0,3.0,0.0,0.0,1396.527
2430.12,0.0,0.0,1.0,0.0,0.0,2430.12
1206.315,336.6,0.0,1.0,1.0,0.0,2512.983
1071.2459999999999,918.126,0.0,2.0,1.0,0.0,1989.3719999999998
391.05,0.0,0.0,1.0,0.0,0.0,391.05
2983.266,1795.3980000000001,0.0,3.0,3.0,0.0,6746.784
367.28999999999996,0.0,736.659,1.0,0.0,1.0,1765.467
1061.445,0.0,0.0,1.0,0.0,0.0,1061.445
1341.6480000000001,0.0,0.0,1.0,0.0,0.0,1341.6480000000001
795.498,0.0,0.0,2.0,0.0,0.0,795.498
742.203,0.0,0.0,1.0,0.0,0.0,742.203
926.706,0.0,0.0,1.0,0.0,0.0,926.706
2277.66,0.0,0.0,3.0,0.0,0.0,6503.343
82.33500000000001,0.0,0.0,1.0,0.0,0.0,82.33500000000001
406.692,0.0,0.0,1.0,0.0,0.0,406.692
1405.305,733.392,412.335,2.0,1.0,1.0,4586.472
778.8,0.0,0.0,1.0,0.0,0.0,778.8
395.01,206.25,0.0,2.0,1.0,0.0,601.26
1732.401,0.0,404.613,2.0,0.0,1.0,5348.277
319.44,0.0,0.0,1.0,0.0,0.0,319.44
363.825,0.0,0.0,1.0,0.0,0.0,363.825
684.75,0.0,0.0,1.0,0.0,0.0,684.75
1308.219,0.0,796.422,2.0,0.0,1.0,3385.371
82.632,0.0,0.0,1.0,0.0,0.0,82.632
514.8,0.0,0.0,1.0,0.0,0.0,514.8
1255.65,0.0,0.0,1.0,0.0,0.0,1255.65
2331.252,996.468,0.0,2.0,1.0,0.0,4253.568
358.05,0.0,0.0,1.0,0.0,0.0,358.05
375.21000000000004,0.0,0.0,1.0,0.0,0.0,895.092
665.775,0.0,0.0,1.0,0.0,0.0,1513.149
2416.293,0.0,0.0,2.0,0.0,0.0,3118.962
224.73000000000002,0.0,0.0,1.0,0.0,0.0,224.73000000000002
2557.5,0.0,0.0,1.0,0.0,0.0,2557.5
753.291,0.0,0.0,1.0,0.0,0.0,753.291
1044.714,0.0,0.0,1.0,0.0,0.0,1044.714
369.435,0.0,0.0,1.0,0.0,0.0,369.435
364.98,0.0,0.0,1.0,0.0,0.0,881.364
502.722,0.0,0.0,1.0,0.0,0.0,502.722
942.0509999999999,0.0,0.0,1.0,0.0,0.0,942.0509999999999
1448.04,0.0,1513.1490000000001,2.0,0.0,1.0,4272.972
1890.273,0.0,0.0,1.0,0.0,0.0,1890.273
738.21,0.0,0.0,1.0,0.0,0.0,3287.2290000000003
2444.64,0.0,1501.632,1.0,0.0,1.0,5791.071
1078.506,0.0,0.0,1.0,0.0,0.0,1078.506
1488.366,0.0,0.0,2.0,0.0,0.0,2343.957
1144.44,0.0,1367.19,1.0,0.0,1.0,3106.884
1653.333,0.0,0.0,1.0,0.0,0.0,1653.333
660.957,0.0,0.0,1.0,0.0,0.0,660.957
184.635,0.0,0.0,1.0,0.0,0.0,184.635
357.885,0.0,0.0,1.0,0.0,0.0,357.885
1533.906,1274.526,0.0,1.0,1.0,0.0,4139.1900000000005
511.5,0.0,0.0,1.0,0.0,0.0,511.5
815.562,0.0,0.0,1.0,0.0,0.0,815.562
374.55,0.0,0.0,1.0,0.0,0.0,374.55
1682.505,0.0,0.0,2.0,0.0,0.0,1682.505
409.662,0.0,0.0,1.0,0.0,0.0,409.662
1391.28,0.0,823.515,1.0,0.0,1.0,2214.795
368.115,0.0,0.0,2.0,0.0,0.0,368.115
850.41,0.0,0.0,1.0,0.0,0.0,850.41
591.03,0.0,0.0,1.0,0.0,0.0,591.03
4255.35,0.0,0.0,1.0,0.0,0.0,4255.35
1407.78,0.0,0.0,1.0,0.0,0.0,1407.78
1153.5149999999999,0.0,0.0,1.0,0.0,0.0,1153.5149999999999
520.905,0.0,0.0,1.0,0.0,0.0,520.905
919.38,0.0,1972.806,1.0,0.0,1.0,2892.186
251.85600000000002,0.0,124.575,1.0,0.0,1.0,376.43100000000004
4729.989,0.0,0.0,2.0,0.0,0.0,4729.989
2821.665,1420.98,2103.585,3.0,2.0,2.0,9451.53
823.581,0.0,0.0,1.0,0.0,0.0,823.581
834.24,0.0,0.0,1.0,0.0,0.0,834.24
601.425,0.0,0.0,1.0,0.0,0.0,601.425
659.505,0.0,0.0,1.0,0.0,0.0,659.505
1613.172,0.0,0.0,4.0,0.0,0.0,1613.172
2416.788,374.22,0.0,1.0,1.0,0.0,2791.008
1024.848,0.0,0.0,1.0,0.0,0.0,1024.848
643.929,0.0,0.0,1.0,0.0,0.0,643.929
512.061,0.0,0.0,1.0,0.0,0.0,512.061
626.3399999999999,0.0,0.0,1.0,0.0,0.0,1122.1319999999998
556.38,0.0,0.0,1.0,0.0,0.0,556.38
487.905,0.0,0.0,1.0,0.0,0.0,1522.29
1471.965,0.0,2129.358,1.0,0.0,1.0,3601.3230000000003
1300.662,0.0,0.0,1.0,0.0,0.0,1300.662
2674.848,0.0,0.0,1.0,0.0,0.0,2674.848
1127.61,0.0,0.0,1.0,0.0,0.0,1127.61
1276.902,0.0,0.0,1.0,0.0,0.0,1276.902
3352.239,0.0,1264.824,1.0,0.0,1.0,4617.063
1596.045,0.0,1287.297,1.0,0.0,1.0,2883.342
1670.427,0.0,0.0,1.0,0.0,0.0,1670.427
5168.46,1538.46,1964.49,4.0,1.0,1.0,20277.609
729.927,0.0,0.0,1.0,0.0,0.0,729.927
603.9,400.125,0.0,1.0,1.0,0.0,1004.025
4129.884,0.0,1604.592,1.0,0.0,1.0,5734.476000000001
1294.722,0.0,0.0,1.0,0.0,0.0,2574.132
1774.377,0.0,0.0,2.0,0.0,0.0,1774.377
448.404,0.0,0.0,1.0,0.0,0.0,448.404
426.36,0.0,0.0,1.0,0.0,0.0,1198.7910000000002
476.355,516.78,0.0,1.0,1.0,0.0,993.135
857.076,0.0,0.0,1.0,0.0,0.0,857.076
1184.37,0.0,0.0,1.0,0.0,0.0,1184.37
3094.08,498.96,1189.98,2.0,1.0,1.0,5560.83
735.867,0.0,0.0,1.0,0.0,0.0,735.867
2425.335,0.0,2316.699,1.0,0.0,2.0,4742.034
297.0,0.0,0.0,1.0,0.0,0.0,947.4300000000001
3977.985,1775.367,0.0,2.0,1.0,0.0,10817.268
1454.739,0.0,1128.93,1.0,0.0,1.0,2583.669
1531.035,0.0,0.0,1.0,0.0,0.0,1531.035
1063.59,1003.266,0.0,1.0,1.0,0.0,4617.228
606.012,0.0,0.0,1.0,0.0,0.0,606.012
559.548,146.355,0.0,2.0,1.0,0.0,1281.621
5862.912,11706.09,7229.838,2.0,3.0,4.0,63589.218
1073.952,1199.088,0.0,1.0,1.0,0.0,2273.04
617.628,0.0,0.0,1.0,0.0,0.0,617.628
2821.467,0.0,0.0,2.0,0.0,0.0,2821.467
448.14,0.0,0.0,2.0,0.0,0.0,448.14
816.552,0.0,0.0,1.0,0.0,0.0,816.552
393.723,0.0,0.0,1.0,0.0,0.0,393.723
693.792,0.0,0.0,1.0,0.0,0.0,1324.29
3886.8720000000003,0.0,0.0,1.0,0.0,0.0,3886.8720000000003
1400.817,0.0,0.0,1.0,0.0,0.0,2788.6980000000003
503.41499999999996,832.26,0.0,2.0,2.0,0.0,1791.735
999.9,0.0,812.46,1.0,0.0,1.0,3032.766
415.338,0.0,368.28,1.0,0.0,1.0,783.6179999999999
1048.08,0.0,0.0,1.0,0.0,0.0,1048.08
1441.0439999999999,0.0,0.0,1.0,0.0,0.0,1441.0439999999999
1570.404,837.705,0.0,1.0,3.0,0.0,2408.109
2055.57,0.0,1584.858,2.0,0.0,2.0,3640.428
1177.2749999999999,0.0,0.0,1.0,0.0,0.0,1177.2749999999999
3190.539,0.0,0.0,1.0,0.0,0.0,9555.843
440.055,0.0,0.0,1.0,0.0,0.0,440.055
3308.316,1076.988,0.0,3.0,1.0,0.0,9009.891
2584.263,1608.585,0.0,1.0,1.0,0.0,5593.434
4466.253,0.0,0.0,1.0,0.0,0.0,8922.705
1015.806,0.0,0.0,1.0,0.0,0.0,1015.806
1397.616,0.0,1636.965,1.0,0.0,1.0,3034.581
1847.505,0.0,1528.23,1.0,0.0,2.0,3375.735
519.255,0.0,0.0,1.0,0.0,0.0,2524.5
1089.264,0.0,0.0,2.0,0.0,0.0,1089.264
1185.756,1089.66,2184.864,2.0,1.0,2.0,6652.47
2010.261,1932.15,1025.64,2.0,2.0,1.0,6026.955
584.265,286.11,134.64000000000001,2.0,2.0,1.0,1005.015
881.694,0.0,0.0,1.0,0.0,0.0,881.694
1327.7549999999999,1027.29,0.0,3.0,1.0,0.0,2355.045
1188.0,0.0,0.0,1.0,0.0,0.0,1188.0
3732.3,295.02,0.0,1.0,1.0,0.0,4027.32
28.05,0.0,0.0,1.0,0.0,0.0,28.05
751.245,0.0,0.0,1.0,0.0,0.0,751.245
1028.445,0.0,0.0,1.0,0.0,0.0,2564.166
1374.6480000000001,0.0,0.0,1.0,0.0,0.0,1374.6480000000001
1016.136,0.0,0.0,1.0,0.0,0.0,1016.136
483.912,0.0,409.695,2.0,0.0,1.0,893.607
3319.602,0.0,0.0,1.0,0.0,0.0,3319.602
1223.574,535.92,0.0,2.0,1.0,0.0,2884.398
373.89,0.0,0.0,1.0,0.0,0.0,373.89
1165.23,0.0,1003.3649999999999,1.0,0.0,1.0,2168.595
542.025,0.0,0.0,1.0,0.0,0.0,542.025
716.76,0.0,0.0,1.0,0.0,0.0,716.76
1111.968,0.0,0.0,1.0,0.0,0.0,1111.968
1165.527,0.0,0.0,1.0,0.0,0.0,1165.527
424.644,839.982,677.919,2.0,1.0,1.0,5043.192
367.55400000000003,0.0,0.0,2.0,0.0,0.0,367.55400000000003
3097.875,0.0,0.0,3.0,0.0,0.0,3097.875
545.985,0.0,0.0,1.0,0.0,0.0,3799.1580000000004
251.85600000000002,0.0,0.0,1.0,0.0,0.0,251.85600000000002
345.774,0.0,0.0,1.0,0.0,0.0,345.774
1018.2149999999999,0.0,0.0,1.0,0.0,0.0,1018.2149999999999
370.42499999999995,0.0,0.0,1.0,0.0,0.0,370.42499999999995
2543.145,1710.423,0.0,1.0,1.0,0.0,4253.568
2376.726,1393.5240000000001,0.0,1.0,2.0,0.0,3770.25
765.633,550.044,1045.737,1.0,1.0,1.0,5720.385
850.872,442.035,0.0,1.0,1.0,0.0,1292.907
2448.864,0.0,1253.142,2.0,0.0,1.0,6284.9490000000005
1025.805,0.0,0.0,1.0,0.0,0.0,1025.805
1157.244,2075.766,2127.675,1.0,2.0,1.0,6825.389999999999
1006.17,0.0,0.0,1.0,0.0,0.0,1006.17
1064.415,0.0,0.0,1.0,0.0,0.0,1064.415
4178.559,0.0,0.0,1.0,0.0,0.0,4178.559
2064.4139999999998,0.0,1053.657,2.0,0.0,1.0,3118.071
1298.814,534.666,0.0,2.0,1.0,0.0,1833.48
890.01,0.0,931.293,1.0,0.0,1.0,1821.3029999999999
1253.01,625.35,0.0,1.0,1.0,0.0,1878.3600000000001
447.975,0.0,0.0,1.0,0.0,0.0,447.975
1336.5,0.0,0.0,1.0,0.0,0.0,1336.5
1365.144,0.0,1090.683,1.0,0.0,1.0,5604.522
618.75,0.0,0.0,1.0,0.0,0.0,618.75
1867.041,0.0,0.0,2.0,0.0,0.0,1867.041
653.202,456.027,0.0,1.0,1.0,0.0,1109.229
366.79499999999996,0.0,0.0,1.0,0.0,0.0,719.895
302.93999999999994,1089.0,2037.42,1.0,1.0,1.0,8928.216
1261.491,0.0,0.0,1.0,0.0,0.0,2697.9809999999998
946.9350000000001,0.0,0.0,1.0,0.0,0.0,946.9350000000001
1037.685,0.0,0.0,1.0,0.0,0.0,1037.685
692.5049999999999,0.0,911.1959999999999,1.0,0.0,1.0,1603.7009999999998
2456.289,0.0,0.0,1.0,0.0,0.0,2456.289
1094.28,0.0,0.0,1.0,0.0,0.0,2023.7579999999998
3634.29,2623.995,2557.83,2.0,2.0,2.0,11383.383
30.36,0.0,0.0,1.0,0.0,0.0,30.36
402.93,0.0,0.0,1.0,0.0,0.0,590.568
379.005,0.0,0.0,1.0,0.0,0.0,379.005
905.652,0.0,724.416,1.0,0.0,1.0,1630.0680000000002
366.003,0.0,0.0,1.0,0.0,0.0,760.518
1118.535,0.0,0.0,1.0,0.0,0.0,1118.535
4334.352,2967.327,0.0,1.0,1.0,0.0,7301.679
2768.04,502.161,4524.168,2.0,1.0,2.0,7794.369
530.3430000000001,0.0,0.0,2.0,0.0,0.0,530.3430000000001
2429.724,1748.703,1484.934,1.0,1.0,1.0,5663.361
806.85,0.0,0.0,1.0,0.0,0.0,806.85
656.04,209.286,0.0,1.0,1.0,0.0,1317.393
1203.8400000000001,0.0,0.0,1.0,0.0,0.0,1203.8400000000001
409.53,0.0,0.0,1.0,0.0,0.0,409.53
959.937,0.0,0.0,1.0,0.0,0.0,959.937
1430.5500000000002,0.0,0.0,1.0,0.0,0.0,1430.5500000000002
680.229,0.0,0.0,1.0,0.0,0.0,680.229
7134.1050000000005,0.0,0.0,4.0,0.0,0.0,7134.1050000000005
2372.205,1393.92,0.0,2.0,1.0,0.0,7455.162
1576.08,0.0,0.0,1.0,0.0,0.0,1576.08
3060.123,0.0,3440.943,3.0,0.0,1.0,6501.066000000001
362.835,0.0,0.0,1.0,0.0,0.0,362.835
9108.033,2171.565,0.0,6.0,1.0,0.0,11950.818
2835.03,0.0,0.0,1.0,0.0,0.0,2835.03
1887.039,1051.05,786.06,2.0,1.0,1.0,5832.981
617.1659999999999,0.0,969.936,1.0,0.0,1.0,1587.1019999999999
790.317,0.0,0.0,1.0,0.0,0.0,790.317
828.63,0.0,0.0,1.0,0.0,0.0,828.63
249.744,0.0,0.0,1.0,0.0,0.0,249.744
1017.324,0.0,0.0,1.0,0.0,0.0,1017.324
1019.04,0.0,0.0,1.0,0.0,0.0,2106.192
4387.746,0.0,0.0,5.0,0.0,0.0,9551.025000000001
1021.6800000000001,0.0,0.0,1.0,0.0,0.0,1021.6800000000001
1602.909,0.0,0.0,1.0,0.0,0.0,4498.197
2504.37,0.0,0.0,1.0,0.0,0.0,2504.37
1002.672,1019.766,0.0,1.0,1.0,0.0,3499.881
1193.61,0.0,0.0,1.0,0.0,0.0,1193.61
1118.634,0.0,0.0,1.0,0.0,0.0,1118.634
322.40999999999997,0.0,0.0,2.0,0.0,0.0,322.40999999999997
2098.965,954.393,1914.33,2.0,1.0,2.0,4967.688
2849.187,0.0,0.0,1.0,0.0,0.0,5769.456
692.967,0.0,0.0,1.0,0.0,0.0,692.967
2088.2400000000002,0.0,0.0,1.0,0.0,0.0,2088.2400000000002
523.314,603.9,0.0,1.0,1.0,0.0,1629.969
2.805,0.0,0.0,1.0,0.0,0.0,1036.563
1323.3,402.43500000000006,0.0,1.0,1.0,0.0,2340.591
366.201,0.0,0.0,1.0,0.0,0.0,366.201
828.366,0.0,0.0,2.0,0.0,0.0,828.366
1824.075,1411.806,587.895,2.0,3.0,1.0,7612.968000000001
810.909,0.0,0.0,1.0,0.0,0.0,810.909
2609.31,461.835,0.0,1.0,1.0,0.0,3071.145
805.827,2702.304,1225.521,1.0,2.0,1.0,6672.402
610.665,0.0,0.0,1.0,0.0,0.0,610.665
6978.543,0.0,4399.889999999999,1.0,0.0,2.0,11378.432999999999
711.414,0.0,940.4010000000001,1.0,0.0,1.0,1651.815
1026.927,0.0,0.0,1.0,0.0,0.0,1999.536
1411.74,43.23,99.264,3.0,2.0,3.0,2674.815
1052.205,367.455,0.0,1.0,1.0,0.0,7796.052
193.017,0.0,0.0,1.0,0.0,0.0,193.017
1266.969,0.0,1426.557,1.0,0.0,1.0,2693.526
485.397,0.0,0.0,1.0,0.0,0.0,485.397
1075.8,0.0,0.0,1.0,0.0,0.0,1075.8
509.553,0.0,0.0,1.0,0.0,0.0,509.553
1643.928,0.0,0.0,1.0,0.0,0.0,2747.1180000000004
1705.935,3506.151,0.0,1.0,2.0,0.0,11245.971
427.18499999999995,0.0,0.0,1.0,0.0,0.0,427.18499999999995
107.745,0.0,0.0,1.0,0.0,0.0,107.745
2367.618,0.0,1710.72,2.0,0.0,1.0,6041.772
465.3,381.38100000000003,0.0,1.0,1.0,0.0,1436.5230000000001
279.576,0.0,0.0,1.0,0.0,0.0,279.576
1062.27,0.0,0.0,1.0,0.0,0.0,1062.27
413.15999999999997,0.0,0.0,1.0,0.0,0.0,413.15999999999997
1028.973,0.0,0.0,1.0,0.0,0.0,1028.973
454.245,1462.395,0.0,1.0,3.0,0.0,2570.04
1822.3919999999998,3741.507,5321.646,1.0,3.0,3.0,25488.309
989.406,0.0,0.0,1.0,0.0,0.0,989.406
308.05499999999995,0.0,0.0,2.0,0.0,0.0,308.05499999999995
1230.801,5953.002,2184.0389999999998,1.0,3.0,2.0,23615.328
1534.83,971.487,496.32,2.0,2.0,1.0,3002.6369999999997
468.138,0.0,0.0,1.0,0.0,0.0,468.138
1217.733,0.0,0.0,1.0,0.0,0.0,1217.733
1042.998,0.0,1954.953,1.0,0.0,1.0,2997.951
809.424,0.0,0.0,1.0,0.0,0.0,809.424
362.406,765.303,712.965,1.0,1.0,1.0,3867.798
427.581,0.0,1564.926,1.0,0.0,2.0,2624.127
1038.18,0.0,813.615,1.0,0.0,1.0,1851.795
1942.611,0.0,0.0,1.0,0.0,0.0,1942.611
1182.06,0.0,0.0,1.0,0.0,0.0,1182.06
868.725,0.0,684.222,1.0,0.0,1.0,1994.421
7740.051,5766.024,3094.872,6.0,9.0,7.0,44314.083
1083.555,0.0,0.0,2.0,0.0,0.0,1083.555
2011.152,3180.54,3383.556,2.0,3.0,3.0,16452.282
2888.787,0.0,0.0,2.0,0.0,0.0,2888.787
1655.577,2162.4900000000002,1708.905,1.0,2.0,2.0,9099.684000000001
5656.332,0.0,0.0,1.0,0.0,0.0,9206.505000000001
994.884,992.607,0.0,1.0,1.0,0.0,1987.491
348.876,475.596,0.0,1.0,1.0,0.0,824.472
767.6460000000001,0.0,33.0,1.0,0.0,1.0,800.6460000000001
459.195,0.0,0.0,1.0,0.0,0.0,459.195
2235.222,1079.496,242.55,4.0,3.0,1.0,16475.381999999998
5691.807,0.0,2344.023,4.0,0.0,1.0,17232.468
1673.595,697.455,500.115,2.0,1.0,1.0,3833.94
2316.93,2922.216,0.0,1.0,1.0,0.0,5239.146
116.82,0.0,0.0,1.0,0.0,0.0,116.82
1596.21,0.0,0.0,1.0,0.0,0.0,1596.21
2110.119,0.0,0.0,2.0,0.0,0.0,5143.644
427.317,0.0,0.0,1.0,0.0,0.0,427.317
1232.517,0.0,0.0,1.0,0.0,0.0,1232.517
1849.5510000000002,0.0,0.0,1.0,0.0,0.0,1849.5510000000002
1105.5,0.0,0.0,1.0,0.0,0.0,1105.5
1148.895,0.0,0.0,1.0,0.0,0.0,1148.895
1152.5910000000001,0.0,0.0,1.0,0.0,0.0,1152.5910000000001
261.36,0.0,0.0,1.0,0.0,0.0,261.36
991.1880000000001,0.0,0.0,1.0,0.0,0.0,991.1880000000001
5214.396,0.0,0.0,3.0,0.0,0.0,5214.396
84.15,0.0,0.0,1.0,0.0,0.0,84.15
393.855,0.0,0.0,1.0,0.0,0.0,393.855
630.069,585.255,531.135,2.0,1.0,2.0,3533.706
2237.829,0.0,0.0,2.0,0.0,0.0,2237.829
469.92,0.0,0.0,1.0,0.0,0.0,469.92
668.25,0.0,2975.28,1.0,0.0,1.0,7311.282
790.02,0.0,0.0,1.0,0.0,0.0,790.02
982.278,0.0,0.0,1.0,0.0,0.0,2275.548
647.625,0.0,0.0,3.0,0.0,0.0,647.625
1023.066,999.24,0.0,1.0,1.0,0.0,2022.306
356.532,0.0,0.0,1.0,0.0,0.0,356.532
665.28,0.0,0.0,1.0,0.0,0.0,665.28
1004.025,0.0,0.0,1.0,0.0,0.0,1004.025
1999.8,608.8499999999999,74.745,2.0,1.0,1.0,2683.395
456.324,0.0,0.0,1.0,0.0,0.0,456.324
385.275,0.0,0.0,1.0,0.0,0.0,385.275
7424.505,2421.936,2478.96,2.0,1.0,1.0,12325.401
350.46000000000004,0.0,0.0,1.0,0.0,0.0,350.46000000000004
512.325,1142.262,0.0,2.0,3.0,0.0,1654.587
372.075,0.0,0.0,1.0,0.0,0.0,372.075
1000.032,0.0,0.0,1.0,0.0,0.0,1000.032
413.919,0.0,0.0,1.0,0.0,0.0,413.919
489.093,0.0,0.0,1.0,0.0,0.0,489.093
1168.2,365.211,0.0,2.0,1.0,0.0,1533.411
378.97200000000004,995.9399999999999,0.0,1.0,1.0,0.0,1374.912
1036.53,0.0,0.0,1.0,0.0,0.0,1036.53
1734.81,1188.132,0.0,2.0,1.0,0.0,2922.942
697.95,0.0,0.0,1.0,0.0,0.0,697.95
3026.727,0.0,2165.79,2.0,0.0,1.0,6781.005
1913.901,0.0,0.0,1.0,0.0,0.0,1913.901
1037.289,0.0,0.0,2.0,0.0,0.0,1037.289
6463.842,3472.5899999999997,3353.13,3.0,3.0,4.0,13289.562
1209.351,0.0,0.0,2.0,0.0,0.0,1209.351
1502.424,980.331,1105.929,1.0,2.0,3.0,4803.579
763.29,1772.991,0.0,1.0,1.0,0.0,2536.281
2231.13,0.0,2047.98,1.0,0.0,2.0,5038.4400000000005
378.444,0.0,0.0,1.0,0.0,0.0,378.444
1552.386,0.0,0.0,2.0,0.0,0.0,2544.7290000000003
891.495,0.0,0.0,1.0,0.0,0.0,891.495
520.08,0.0,0.0,1.0,0.0,0.0,3274.821
1419.924,0.0,1190.574,1.0,0.0,1.0,3503.775
368.808,658.3500000000001,0.0,1.0,1.0,0.0,1027.1580000000001
1667.16,0.0,0.0,1.0,0.0,0.0,1667.16
2838.759,2441.439,0.0,1.0,2.0,0.0,9007.086
2483.019,0.0,0.0,1.0,0.0,0.0,2483.019
435.59999999999997,0.0,0.0,1.0,0.0,0.0,435.59999999999997
3109.194,0.0,0.0,1.0,0.0,0.0,5002.041
2207.172,0.0,1023.264,2.0,0.0,1.0,4343.724
410.883,0.0,0.0,1.0,0.0,0.0,979.2749999999999
1206.282,0.0,838.827,2.0,0.0,1.0,3965.973
2844.468,0.0,0.0,2.0,0.0,0.0,2844.468
3235.782,0.0,0.0,2.0,0.0,0.0,3235.782
3513.312,1609.41,1368.8400000000001,3.0,1.0,2.0,8060.811000000001
2187.57,0.0,0.0,1.0,0.0,0.0,2187.57
658.845,0.0,0.0,1.0,0.0,0.0,658.845
446.589,0.0,0.0,1.0,0.0,0.0,446.589
570.141,0.0,0.0,1.0,0.0,0.0,570.141
1485.198,1498.464,0.0,1.0,1.0,0.0,4861.659
2761.407,0.0,0.0,1.0,0.0,0.0,2761.407
2247.432,0.0,0.0,3.0,0.0,0.0,2247.432
489.555,0.0,365.145,1.0,0.0,1.0,854.7
983.202,0.0,0.0,1.0,0.0,0.0,983.202
2573.043,0.0,0.0,3.0,0.0,0.0,4138.002
633.402,0.0,0.0,1.0,0.0,0.0,1192.29
1159.29,0.0,0.0,1.0,0.0,0.0,1159.29
1709.2350000000001,0.0,3168.759,1.0,0.0,2.0,6184.101000000001
663.696,0.0,0.0,1.0,0.0,0.0,663.696
383.625,334.125,371.25,1.0,1.0,1.0,4702.698
2145.33,1187.01,0.0,1.0,1.0,0.0,9862.875
408.507,0.0,0.0,1.0,0.0,0.0,408.507
1181.334,0.0,0.0,1.0,0.0,0.0,1181.334
368.51099999999997,0.0,700.92,1.0,0.0,1.0,1069.431
2863.9049999999997,2489.685,3049.893,2.0,2.0,2.0,16940.748
390.225,0.0,0.0,1.0,0.0,0.0,390.225
816.354,1005.642,0.0,1.0,1.0,0.0,1821.996
3079.956,1122.792,2735.37,1.0,1.0,2.0,9620.688
1926.771,1727.616,0.0,1.0,2.0,0.0,3654.3869999999997
1010.097,0.0,512.127,2.0,0.0,1.0,2062.104
610.1700000000001,472.065,0.0,2.0,2.0,0.0,2998.05
688.413,0.0,0.0,1.0,0.0,0.0,688.413
518.166,0.0,0.0,1.0,0.0,0.0,518.166
2459.985,2212.518,0.0,4.0,3.0,0.0,6359.298000000001
2596.374,1481.5349999999999,0.0,2.0,1.0,0.0,9997.547999999999
1271.589,0.0,0.0,2.0,0.0,0.0,1754.379
97.119,305.91,0.0,1.0,1.0,0.0,589.974
2355.342,2115.927,0.0,2.0,2.0,0.0,4471.269
971.1899999999999,0.0,0.0,1.0,0.0,0.0,971.1899999999999
1790.745,0.0,440.451,2.0,0.0,1.0,2231.196
1081.41,0.0,0.0,1.0,0.0,0.0,1081.41
1015.344,0.0,0.0,1.0,0.0,0.0,4446.255
7642.404,0.0,1743.4560000000001,5.0,0.0,1.0,14691.798
1389.498,0.0,0.0,3.0,0.0,0.0,1389.498
1269.576,1669.734,0.0,1.0,1.0,0.0,4218.389999999999
412.83,0.0,0.0,1.0,0.0,0.0,412.83
1283.37,0.0,0.0,1.0,0.0,0.0,1283.37
337.755,0.0,0.0,1.0,0.0,0.0,337.755
1529.253,0.0,0.0,3.0,0.0,0.0,1529.253
1901.79,1559.745,881.067,3.0,2.0,2.0,7382.924999999999
266.31,0.0,0.0,1.0,0.0,0.0,266.31
194.865,0.0,0.0,1.0,0.0,0.0,194.865
1076.427,0.0,0.0,1.0,0.0,0.0,1076.427
1145.133,1729.134,0.0,1.0,1.0,0.0,18376.38
611.49,0.0,236.11499999999998,2.0,0.0,1.0,1076.295
842.754,0.0,501.27,1.0,0.0,1.0,1901.295
719.169,2131.503,0.0,1.0,1.0,0.0,2850.672
415.866,0.0,0.0,1.0,0.0,0.0,415.866
605.55,1085.865,0.0,1.0,2.0,0.0,1691.415
511.5,1788.93,0.0,1.0,2.0,0.0,2300.4300000000003
1304.028,0.0,4576.077,1.0,0.0,2.0,5880.1050000000005
1102.86,0.0,0.0,1.0,0.0,0.0,1102.86
875.16,0.0,0.0,1.0,0.0,0.0,875.16
1737.1200000000001,0.0,0.0,1.0,0.0,0.0,1737.1200000000001
1402.83,837.375,0.0,1.0,1.0,0.0,3803.283
555.885,0.0,677.424,1.0,0.0,1.0,2310.693
1170.312,0.0,0.0,1.0,0.0,0.0,1170.312
2276.109,0.0,0.0,1.0,0.0,0.0,2276.109
985.05,0.0,0.0,1.0,0.0,0.0,985.05
1570.14,3454.2749999999996,390.39,3.0,1.0,1.0,5414.805
393.69,0.0,0.0,1.0,0.0,0.0,393.69
612.645,0.0,0.0,1.0,0.0,0.0,612.645
335.94,0.0,0.0,1.0,0.0,0.0,335.94
559.251,0.0,0.0,1.0,0.0,0.0,559.251
1262.58,0.0,385.44,5.0,0.0,1.0,2904.198
1439.394,0.0,0.0,1.0,0.0,0.0,1439.394
660.66,0.0,0.0,1.0,0.0,0.0,660.66
896.148,0.0,1755.6,1.0,0.0,1.0,2651.748
1707.915,0.0,0.0,1.0,0.0,0.0,1707.915
857.472,0.0,0.0,1.0,0.0,0.0,857.472
1099.164,0.0,0.0,1.0,0.0,0.0,1099.164
3976.731,0.0,0.0,2.0,0.0,0.0,3976.731
620.928,0.0,0.0,1.0,0.0,0.0,620.928
375.012,319.27500000000003,0.0,1.0,1.0,0.0,2167.803
2729.694,0.0,0.0,1.0,0.0,0.0,2729.694
746.493,0.0,0.0,1.0,0.0,0.0,746.493
784.08,33.263999999999996,522.72,1.0,1.0,1.0,1340.064
560.571,0.0,0.0,1.0,0.0,0.0,560.571
245.586,0.0,421.707,1.0,0.0,1.0,1299.375
341.55,0.0,0.0,1.0,0.0,0.0,341.55
1244.991,0.0,1089.396,1.0,0.0,2.0,2334.3869999999997
932.745,0.0,0.0,1.0,0.0,0.0,932.745
1496.847,727.551,1251.426,2.0,1.0,3.0,3475.824
1050.39,0.0,0.0,1.0,0.0,0.0,1050.39
1527.735,0.0,0.0,1.0,0.0,0.0,1527.735
1292.016,0.0,0.0,1.0,0.0,0.0,1292.016
929.049,0.0,0.0,1.0,0.0,0.0,929.049
666.6,0.0,0.0,1.0,0.0,0.0,666.6
2688.939,678.8100000000001,0.0,1.0,1.0,0.0,3367.749
4334.55,2322.936,0.0,2.0,2.0,0.0,17954.046000000002
679.338,0.0,0.0,1.0,0.0,0.0,679.338
684.75,0.0,0.0,1.0,0.0,0.0,684.75
589.578,0.0,804.276,1.0,0.0,1.0,1393.8539999999998
371.58,0.0,0.0,1.0,0.0,0.0,371.58
697.488,0.0,599.082,1.0,0.0,1.0,1296.5700000000002
1621.026,0.0,649.671,2.0,0.0,1.0,2270.697
1142.13,0.0,0.0,1.0,0.0,0.0,1514.0400000000002
1547.403,0.0,0.0,1.0,0.0,0.0,1547.403
412.83,0.0,0.0,1.0,0.0,0.0,412.83
479.457,0.0,0.0,3.0,0.0,0.0,479.457
468.43499999999995,1212.057,0.0,1.0,1.0,0.0,2553.408
2363.163,0.0,0.0,1.0,0.0,0.0,3063.885
8827.632,2702.238,2233.8360000000002,2.0,1.0,1.0,20658.264
2446.158,0.0,0.0,1.0,0.0,0.0,2446.158
531.201,0.0,0.0,2.0,0.0,0.0,531.201
563.3100000000001,0.0,0.0,1.0,0.0,0.0,1050.39
217.8,0.0,0.0,1.0,0.0,0.0,217.8
339.9,0.0,0.0,1.0,0.0,0.0,339.9
670.23,0.0,0.0,1.0,0.0,0.0,670.23
440.48400000000004,932.58,0.0,1.0,1.0,0.0,2387.8140000000003
2162.688,1564.761,0.0,2.0,1.0,0.0,3727.449
552.387,0.0,0.0,1.0,0.0,0.0,552.387
4261.686,825.1320000000001,977.856,3.0,1.0,1.0,6064.674
6500.439,3824.667,0.0,7.0,3.0,0.0,10325.106
544.5,0.0,0.0,1.0,0.0,0.0,544.5
405.603,0.0,0.0,1.0,0.0,0.0,405.603
605.88,0.0,0.0,1.0,0.0,0.0,605.88
572.187,0.0,0.0,1.0,0.0,0.0,1165.659
901.857,5501.826,592.6800000000001,1.0,5.0,1.0,13721.103
4568.025,0.0,0.0,1.0,0.0,0.0,4568.025
362.34000000000003,0.0,0.0,2.0,0.0,0.0,362.34000000000003
1841.5320000000002,3992.505,0.0,4.0,4.0,0.0,5834.037
58.41,0.0,0.0,1.0,0.0,0.0,58.41
1181.202,0.0,0.0,1.0,0.0,0.0,1181.202
414.645,0.0,0.0,1.0,0.0,0.0,414.645
458.865,0.0,0.0,1.0,0.0,0.0,458.865
366.135,0.0,0.0,1.0,0.0,0.0,366.135
1004.85,0.0,0.0,1.0,0.0,0.0,1004.85
586.08,0.0,0.0,1.0,0.0,0.0,586.08
2947.395,0.0,839.652,2.0,0.0,1.0,3787.047
1138.566,0.0,1336.599,2.0,0.0,1.0,4660.095
810.348,480.15,0.0,1.0,1.0,0.0,1290.498
1239.777,0.0,0.0,1.0,0.0,0.0,1239.777
733.59,1352.802,0.0,1.0,1.0,0.0,7697.184
9870.3,0.0,0.0,5.0,0.0,0.0,9870.3
723.789,0.0,0.0,1.0,0.0,0.0,723.789
555.72,0.0,0.0,1.0,0.0,0.0,555.72
202.323,0.0,0.0,1.0,0.0,0.0,202.323
739.035,0.0,0.0,1.0,0.0,0.0,739.035
920.7,0.0,736.5600000000001,1.0,0.0,1.0,1657.2600000000002
900.306,0.0,0.0,1.0,0.0,0.0,900.306
622.71,0.0,850.0799999999999,1.0,0.0,2.0,1472.79
276.21000000000004,0.0,0.0,1.0,0.0,0.0,502.9200000000001
1259.28,0.0,204.336,1.0,0.0,1.0,4470.576
727.749,0.0,0.0,1.0,0.0,0.0,727.749
389.4,0.0,0.0,1.0,0.0,0.0,389.4
479.325,0.0,0.0,1.0,0.0,0.0,479.325
1377.0900000000001,0.0,1412.565,1.0,0.0,1.0,10068.795
760.947,0.0,971.52,2.0,0.0,2.0,2432.694
1274.526,763.62,3733.8179999999998,2.0,1.0,1.0,12729.288
629.31,0.0,0.0,1.0,0.0,0.0,629.31
585.75,0.0,0.0,1.0,0.0,0.0,585.75
11607.519,0.0,0.0,1.0,0.0,0.0,11607.519
645.5459999999999,0.0,0.0,1.0,0.0,0.0,645.5459999999999
1060.719,0.0,0.0,3.0,0.0,0.0,1060.719
1016.004,0.0,420.354,2.0,0.0,1.0,1436.358
1931.556,0.0,0.0,1.0,0.0,0.0,1931.556
751.014,0.0,0.0,1.0,0.0,0.0,751.014
748.6049999999999,0.0,0.0,1.0,0.0,0.0,748.6049999999999
472.23,0.0,0.0,1.0,0.0,0.0,472.23
7456.482,1651.155,3317.457,1.0,1.0,1.0,12425.094000000001
2759.988,0.0,0.0,2.0,0.0,0.0,2759.988
161.04,0.0,0.0,1.0,0.0,0.0,161.04
1394.58,865.425,0.0,1.0,1.0,0.0,2260.005
1177.473,0.0,0.0,2.0,0.0,0.0,1177.473
1033.395,761.673,0.0,1.0,1.0,0.0,1795.068
1120.647,0.0,0.0,2.0,0.0,0.0,1120.647
2489.157,0.0,1881.1319999999998,2.0,0.0,2.0,6045.699
698.7090000000001,0.0,0.0,1.0,0.0,0.0,698.7090000000001
904.0350000000001,0.0,475.53000000000003,1.0,0.0,1.0,1952.7420000000002
1106.49,0.0,0.0,1.0,0.0,0.0,3153.48
719.5980000000001,0.0,0.0,2.0,0.0,0.0,719.5980000000001
929.907,861.036,0.0,2.0,1.0,0.0,1790.943
2860.77,0.0,0.0,1.0,0.0,0.0,2860.77
1852.455,0.0,1324.95,2.0,0.0,1.0,4369.761
946.737,0.0,1818.63,1.0,0.0,1.0,2765.367
534.2370000000001,0.0,0.0,1.0,0.0,0.0,534.2370000000001
504.108,0.0,0.0,1.0,0.0,0.0,504.108
667.26,463.023,436.194,2.0,1.0,1.0,1566.477
3474.009,494.66999999999996,2132.9880000000003,1.0,1.0,2.0,6101.667
528.495,0.0,0.0,1.0,0.0,0.0,528.495
671.0550000000001,0.0,0.0,1.0,0.0,0.0,671.0550000000001
11735.823,6214.692,4224.33,3.0,2.0,2.0,23179.695
455.235,361.35,0.0,1.0,1.0,0.0,816.585
209.352,0.0,0.0,1.0,0.0,0.0,209.352
535.59,0.0,0.0,1.0,0.0,0.0,535.59
678.612,0.0,0.0,1.0,0.0,0.0,2260.797
1231.56,0.0,0.0,1.0,0.0,0.0,1231.56
1552.353,1137.279,951.951,2.0,2.0,1.0,9626.826000000001
974.523,0.0,0.0,1.0,0.0,0.0,974.523
544.83,0.0,0.0,1.0,0.0,0.0,544.83
1025.871,933.438,0.0,1.0,1.0,0.0,1959.3090000000002
1226.808,3209.9759999999997,1732.335,1.0,1.0,1.0,10626.693
2388.0119999999997,0.0,0.0,2.0,0.0,0.0,4743.552
130.68,11088.132,0.0,1.0,2.0,0.0,17956.95
100.97999999999999,0.0,0.0,1.0,0.0,0.0,100.97999999999999
1137.51,0.0,0.0,1.0,0.0,0.0,1137.51
440.748,341.748,176.22,1.0,1.0,1.0,2190.21
9.57,0.0,0.0,1.0,0.0,0.0,9.57
678.81,0.0,0.0,1.0,0.0,0.0,678.81
2905.815,994.224,871.299,2.0,1.0,1.0,11219.109
1017.126,0.0,1124.475,1.0,0.0,3.0,4274.193
125.73,0.0,0.0,1.0,0.0,0.0,125.73
366.234,0.0,0.0,1.0,0.0,0.0,366.234
2222.121,0.0,0.0,1.0,0.0,0.0,7229.013000000001
1044.318,0.0,0.0,1.0,0.0,0.0,1435.038
1302.114,997.326,3149.751,1.0,1.0,4.0,9033.024
5138.1,4881.987,4751.604,3.0,4.0,3.0,43741.863
2583.5370000000003,0.0,0.0,1.0,0.0,0.0,4949.67
335.115,0.0,0.0,1.0,0.0,0.0,335.115
565.818,0.0,0.0,1.0,0.0,0.0,938.718
1026.531,0.0,0.0,1.0,0.0,0.0,1026.531
571.065,0.0,0.0,1.0,0.0,0.0,571.065
382.53600000000006,0.0,0.0,1.0,0.0,0.0,382.53600000000006
1016.5649999999999,0.0,1289.31,1.0,0.0,1.0,3344.0550000000003
316.008,0.0,0.0,1.0,0.0,0.0,316.008
1021.977,2455.53,688.908,2.0,2.0,1.0,10816.311
1962.1799999999998,1152.3600000000001,6863.076,2.0,1.0,2.0,28709.142
378.048,0.0,0.0,1.0,0.0,0.0,378.048
1554.9599999999998,1843.215,0.0,3.0,5.0,0.0,9745.163999999999
394.317,0.0,0.0,1.0,0.0,0.0,394.317
269.775,0.0,0.0,1.0,0.0,0.0,269.775
643.005,0.0,603.075,1.0,0.0,1.0,2277.594
894.3,0.0,0.0,1.0,0.0,0.0,894.3
1669.767,1708.542,1284.327,2.0,3.0,3.0,6472.157999999999
1074.975,0.0,0.0,1.0,0.0,0.0,1074.975
2185.161,0.0,0.0,2.0,0.0,0.0,6759.159
489.159,0.0,0.0,1.0,0.0,0.0,489.159
2383.788,0.0,0.0,1.0,0.0,0.0,4985.211
348.282,0.0,0.0,1.0,0.0,0.0,348.282
1187.175,0.0,0.0,1.0,0.0,0.0,1187.175
1364.4180000000001,0.0,0.0,1.0,0.0,0.0,1364.4180000000001
941.424,0.0,0.0,1.0,0.0,0.0,2526.315
2121.306,0.0,1094.61,2.0,0.0,1.0,3215.916
518.76,0.0,0.0,1.0,0.0,0.0,518.76
1003.992,0.0,0.0,1.0,0.0,0.0,1003.992
1138.104,0.0,0.0,1.0,0.0,0.0,1138.104
3006.3,913.77,1341.945,4.0,2.0,3.0,11745.426
707.8499999999999,0.0,0.0,1.0,0.0,0.0,707.8499999999999
7107.804,0.0,1782.0,2.0,0.0,1.0,10980.684000000001
678.0840000000001,0.0,0.0,1.0,0.0,0.0,678.0840000000001
331.881,577.83,0.0,1.0,1.0,0.0,965.811
1351.02,0.0,0.0,1.0,0.0,0.0,1351.02
1281.786,0.0,0.0,2.0,0.0,0.0,1281.786
3016.365,0.0,564.63,3.0,0.0,1.0,6454.998
1021.02,2469.588,0.0,1.0,2.0,0.0,5618.679
537.768,660.561,0.0,1.0,1.0,0.0,1198.3290000000002
502.128,0.0,0.0,1.0,0.0,0.0,502.128
167.64,0.0,0.0,1.0,0.0,0.0,167.64
1124.145,1131.999,0.0,1.0,1.0,0.0,3524.004
2632.245,0.0,0.0,1.0,0.0,0.0,2632.245
1134.969,0.0,986.304,2.0,0.0,1.0,2121.273
867.669,0.0,0.0,1.0,0.0,0.0,867.669
511.467,0.0,0.0,1.0,0.0,0.0,511.467
544.5,0.0,494.70300000000003,1.0,0.0,1.0,1751.574
221.859,0.0,0.0,1.0,0.0,0.0,221.859
348.48,2492.259,1189.98,1.0,1.0,1.0,6933.267
687.7529999999999,0.0,0.0,1.0,0.0,0.0,687.7529999999999
833.778,872.091,0.0,1.0,1.0,0.0,1705.8690000000001
1867.14,920.535,974.16,4.0,2.0,2.0,8434.668
783.288,0.0,0.0,1.0,0.0,0.0,783.288
788.7,0.0,0.0,1.0,0.0,0.0,788.7
877.8,0.0,0.0,1.0,0.0,0.0,877.8
2081.145,0.0,0.0,3.0,0.0,0.0,3258.9809999999998
698.94,0.0,0.0,1.0,0.0,0.0,988.6800000000001
721.71,0.0,0.0,2.0,0.0,0.0,721.71
1225.587,623.271,760.815,1.0,1.0,1.0,2609.673
2982.111,0.0,0.0,1.0,0.0,0.0,2982.111
473.418,0.0,0.0,1.0,0.0,0.0,473.418
549.45,0.0,0.0,1.0,0.0,0.0,549.45
467.676,697.752,0.0,1.0,1.0,0.0,1165.4279999999999
1581.525,1192.62,444.84000000000003,2.0,2.0,1.0,3345.375
1313.4,0.0,0.0,1.0,0.0,0.0,2510.9700000000003
2343.792,1104.543,0.0,2.0,1.0,0.0,3448.335
2195.424,0.0,1035.243,1.0,0.0,1.0,3230.667
1566.51,0.0,0.0,1.0,0.0,0.0,1566.51
2749.494,1633.005,0.0,2.0,1.0,0.0,4382.499
680.097,0.0,0.0,1.0,0.0,0.0,680.097
685.74,0.0,0.0,1.0,0.0,0.0,685.74
2223.936,3986.004,1649.142,2.0,5.0,2.0,12438.228
1693.098,0.0,1585.518,1.0,0.0,1.0,3278.616
792.396,49.5,0.0,2.0,1.0,0.0,841.896
1354.584,0.0,0.0,1.0,0.0,0.0,1354.584
10828.323,0.0,2860.77,3.0,0.0,1.0,22200.650999999998
769.197,0.0,0.0,1.0,0.0,0.0,769.197
534.9300000000001,0.0,0.0,1.0,0.0,0.0,1603.9650000000001
3957.723,0.0,0.0,2.0,0.0,0.0,3957.723
2328.612,0.0,1241.295,2.0,0.0,1.0,3569.907
656.04,0.0,0.0,1.0,0.0,0.0,656.04
616.638,624.624,0.0,1.0,1.0,0.0,1241.2620000000002
1335.3120000000001,0.0,0.0,2.0,0.0,0.0,1798.632
1013.925,0.0,0.0,1.0,0.0,0.0,1013.925
511.33500000000004,0.0,0.0,1.0,0.0,0.0,511.33500000000004
4055.04,0.0,0.0,1.0,0.0,0.0,4055.04
1842.5880000000002,0.0,995.544,1.0,0.0,1.0,3546.1800000000003
1683.0,1807.08,784.08,4.0,2.0,2.0,7112.424
148.5,0.0,0.0,1.0,0.0,0.0,148.5
2055.504,0.0,0.0,1.0,0.0,0.0,2055.504
565.785,0.0,0.0,1.0,0.0,0.0,565.785
802.725,0.0,1159.026,2.0,0.0,3.0,2086.491
1241.79,0.0,0.0,1.0,0.0,0.0,1241.79
1227.996,0.0,1232.22,1.0,0.0,1.0,2460.2160000000003
794.244,0.0,0.0,1.0,0.0,0.0,794.244
2179.188,0.0,0.0,1.0,0.0,0.0,3623.1360000000004
980.76,0.0,0.0,1.0,0.0,0.0,980.76
2493.975,0.0,0.0,2.0,0.0,0.0,2493.975
1238.061,0.0,0.0,1.0,0.0,0.0,1238.061
294.36,0.0,0.0,1.0,0.0,0.0,294.36
220.869,0.0,0.0,1.0,0.0,0.0,828.993
421.575,0.0,0.0,1.0,0.0,0.0,421.575
927.333,0.0,0.0,1.0,0.0,0.0,927.333
342.045,0.0,378.18,1.0,0.0,1.0,720.225
262.02,0.0,0.0,1.0,0.0,0.0,262.02
961.917,0.0,0.0,1.0,0.0,0.0,961.917
2433.585,0.0,1160.148,2.0,0.0,1.0,6702.201
1432.1999999999998,0.0,0.0,1.0,0.0,0.0,1432.1999999999998
2343.0,0.0,1366.2,1.0,0.0,1.0,8973.36
1035.408,1057.386,0.0,1.0,1.0,0.0,3086.589
481.569,0.0,0.0,1.0,0.0,0.0,481.569
5107.014,1907.4660000000001,0.0,1.0,1.0,0.0,7014.4800000000005
1325.6100000000001,0.0,0.0,2.0,0.0,0.0,1325.6100000000001
1500.741,0.0,0.0,1.0,0.0,0.0,1500.741
1138.17,0.0,0.0,1.0,0.0,0.0,1138.17
15785.418,0.0,0.0,34.0,0.0,0.0,15785.418
1162.26,368.874,0.0,2.0,1.0,0.0,2360.886
364.485,0.0,0.0,1.0,0.0,0.0,1932.612
451.341,0.0,0.0,1.0,0.0,0.0,451.341
456.225,547.404,0.0,2.0,1.0,0.0,1543.806
977.79,0.0,0.0,1.0,0.0,0.0,977.79
4228.884,1975.941,4691.709,4.0,2.0,4.0,12194.556
630.069,1397.7150000000001,611.226,1.0,1.0,1.0,2639.01
670.89,0.0,0.0,1.0,0.0,0.0,670.89
1650.99,0.0,0.0,1.0,0.0,0.0,1650.99
470.25,0.0,0.0,1.0,0.0,0.0,470.25
1066.824,0.0,1735.47,1.0,0.0,1.0,2802.294
215.028,1523.412,405.108,1.0,4.0,1.0,2143.5480000000002
1236.0810000000001,0.0,0.0,1.0,0.0,0.0,1236.0810000000001
683.595,0.0,0.0,1.0,0.0,0.0,683.595
541.53,0.0,500.115,1.0,0.0,1.0,1041.645
1140.7440000000001,0.0,0.0,1.0,0.0,0.0,2320.626
440.517,0.0,0.0,1.0,0.0,0.0,440.517
2622.114,0.0,0.0,1.0,0.0,0.0,2622.114
1057.683,0.0,996.006,1.0,0.0,1.0,2053.689
336.6,0.0,0.0,1.0,0.0,0.0,336.6
1026.762,0.0,0.0,1.0,0.0,0.0,1026.762
1966.107,0.0,1632.807,1.0,0.0,1.0,3598.9139999999998
308.385,960.927,1409.133,1.0,2.0,2.0,5329.599
467.94,0.0,0.0,1.0,0.0,0.0,467.94
3815.922,2632.311,0.0,3.0,3.0,0.0,9116.448
1870.737,1517.472,1324.29,5.0,1.0,2.0,7962.603
608.85,0.0,0.0,1.0,0.0,0.0,608.85
865.26,756.855,0.0,2.0,1.0,0.0,2034.549
2012.34,0.0,0.0,2.0,0.0,0.0,3003.66
484.605,0.0,0.0,1.0,0.0,0.0,484.605
562.518,0.0,0.0,1.0,0.0,0.0,562.518
584.925,0.0,0.0,1.0,0.0,0.0,584.925
663.828,0.0,0.0,1.0,0.0,0.0,663.828
1542.519,0.0,0.0,1.0,0.0,0.0,1542.519
1767.15,1514.7,0.0,2.0,1.0,0.0,3281.8500000000004
6219.543,0.0,963.699,4.0,0.0,1.0,8454.402
664.785,125.4,0.0,2.0,1.0,0.0,790.185
368.94,0.0,0.0,1.0,0.0,0.0,368.94
2489.7509999999997,0.0,0.0,1.0,0.0,0.0,2489.7509999999997
1310.232,0.0,0.0,1.0,0.0,0.0,3071.013
675.015,0.0,1013.859,2.0,0.0,1.0,2832.621
2677.1910000000003,0.0,0.0,1.0,0.0,0.0,2677.1910000000003
675.741,0.0,536.91,1.0,0.0,1.0,1734.777
167.508,0.0,237.00599999999997,1.0,0.0,1.0,649.242
1024.551,0.0,0.0,1.0,0.0,0.0,1024.551
1212.09,0.0,0.0,2.0,0.0,0.0,3579.114
2648.052,2015.079,6601.188,2.0,2.0,4.0,24184.941
765.27,512.16,564.465,1.0,1.0,1.0,2164.47
1021.35,0.0,1057.914,1.0,0.0,1.0,2079.264
1056.7259999999999,0.0,0.0,1.0,0.0,0.0,1588.0919999999999
365.97,0.0,0.0,1.0,0.0,0.0,365.97
1023.825,754.71,686.961,3.0,2.0,2.0,2465.496
954.855,0.0,0.0,1.0,0.0,0.0,954.855
1249.875,0.0,0.0,1.0,0.0,0.0,3553.737
1407.252,0.0,0.0,1.0,0.0,0.0,1407.252
1625.7450000000001,0.0,0.0,1.0,0.0,0.0,1625.7450000000001
707.124,425.04,0.0,1.0,1.0,0.0,1132.164
1281.885,0.0,0.0,1.0,0.0,0.0,1281.885
42.075,0.0,0.0,1.0,0.0,0.0,42.075
356.664,0.0,0.0,1.0,0.0,0.0,847.374
671.22,0.0,0.0,1.0,0.0,0.0,671.22
1220.175,0.0,0.0,1.0,0.0,0.0,1220.175
5252.28,0.0,0.0,2.0,0.0,0.0,9077.871
2172.258,4093.32,1302.048,1.0,1.0,1.0,12213.795
1763.586,759.0989999999999,1154.802,1.0,1.0,1.0,3677.487
251.85600000000002,0.0,0.0,1.0,0.0,0.0,251.85600000000002
526.515,399.96,977.295,1.0,1.0,2.0,1903.77
673.1999999999999,0.0,0.0,1.0,0.0,0.0,1818.1349999999998
1374.8129999999999,0.0,0.0,2.0,0.0,0.0,1374.8129999999999
3724.38,0.0,0.0,1.0,0.0,0.0,3724.38
309.375,0.0,0.0,1.0,0.0,0.0,309.375
1366.2,792.99,990.0,2.0,1.0,1.0,10368.072
611.8199999999999,0.0,0.0,1.0,0.0,0.0,611.8199999999999
1105.17,1439.757,0.0,1.0,2.0,0.0,2544.927
816.948,0.0,0.0,1.0,0.0,0.0,1315.974
201.63,0.0,0.0,1.0,0.0,0.0,201.63
449.46000000000004,0.0,503.9100000000001,1.0,0.0,1.0,2112.8250000000003
581.46,395.01,356.895,1.0,1.0,1.0,2565.2219999999998
851.0699999999999,0.0,0.0,1.0,0.0,0.0,851.0699999999999
1138.038,0.0,0.0,1.0,0.0,0.0,1138.038
573.21,0.0,0.0,1.0,0.0,0.0,573.21
412.005,0.0,0.0,1.0,0.0,0.0,412.005
1730.916,0.0,0.0,1.0,0.0,0.0,1730.916
1739.001,0.0,0.0,2.0,0.0,0.0,1739.001
1197.2069999999999,0.0,1399.728,1.0,0.0,1.0,5737.182
3135.297,1084.182,0.0,1.0,1.0,0.0,4219.479
583.077,0.0,0.0,1.0,0.0,0.0,583.077
1806.123,0.0,0.0,3.0,0.0,0.0,3555.486
2295.513,0.0,0.0,2.0,0.0,0.0,2295.513
1434.51,0.0,1588.6200000000001,2.0,0.0,1.0,3733.9170000000004
1378.146,0.0,0.0,1.0,0.0,0.0,1378.146
403.91999999999996,0.0,0.0,1.0,0.0,0.0,403.91999999999996
166.815,0.0,0.0,1.0,0.0,0.0,166.815
1825.329,0.0,0.0,1.0,0.0,0.0,1825.329
198.0,0.0,0.0,1.0,0.0,0.0,198.0
2195.886,0.0,0.0,1.0,0.0,0.0,2195.886
389.565,0.0,0.0,1.0,0.0,0.0,389.565
817.872,0.0,348.381,2.0,0.0,1.0,3614.292
790.416,0.0,0.0,1.0,0.0,0.0,790.416
247.005,0.0,0.0,2.0,0.0,0.0,247.005
983.763,0.0,0.0,1.0,0.0,0.0,983.763
544.5,0.0,0.0,1.0,0.0,0.0,544.5
207.9,0.0,0.0,1.0,0.0,0.0,207.9
1111.902,1677.588,1428.9,1.0,1.0,1.0,9729.159
449.592,0.0,0.0,1.0,0.0,0.0,1020.888
1993.53,329.01,641.685,2.0,1.0,2.0,6851.295
2383.953,0.0,0.0,1.0,0.0,0.0,2383.953
848.859,0.0,0.0,1.0,0.0,0.0,848.859
395.769,0.0,0.0,1.0,0.0,0.0,395.769
1421.409,428.241,558.789,1.0,1.0,1.0,3153.315
962.115,0.0,706.365,2.0,0.0,1.0,3210.3720000000003
399.861,0.0,0.0,1.0,0.0,0.0,399.861
1521.696,0.0,866.877,3.0,0.0,2.0,3228.7529999999997
839.52,0.0,0.0,1.0,0.0,0.0,2706.099
989.34,0.0,0.0,1.0,0.0,0.0,1513.545
419.26500000000004,1898.094,0.0,1.0,1.0,0.0,2317.359
1284.69,0.0,0.0,2.0,0.0,0.0,1284.69
977.955,0.0,0.0,1.0,0.0,0.0,977.955
3613.5,0.0,0.0,2.0,0.0,0.0,7260.0
6561.984,2305.38,3166.878,3.0,1.0,2.0,25560.513
2128.5,0.0,0.0,1.0,0.0,0.0,2128.5
1056.924,447.48,0.0,1.0,2.0,0.0,1504.404
1249.149,730.752,0.0,1.0,1.0,0.0,1979.9009999999998
1795.299,0.0,0.0,1.0,0.0,0.0,1795.299
2082.498,2155.296,0.0,1.0,1.0,0.0,4237.794
1085.04,709.17,0.0,2.0,1.0,0.0,1794.21
1003.332,566.478,0.0,1.0,1.0,0.0,3969.3720000000003
1508.001,1007.028,0.0,1.0,1.0,0.0,2515.029
648.12,1027.587,386.397,2.0,2.0,1.0,3348.444
364.155,0.0,0.0,1.0,0.0,0.0,364.155
382.14,0.0,0.0,1.0,0.0,0.0,382.14
735.57,0.0,0.0,1.0,0.0,0.0,735.57
278.19,0.0,0.0,2.0,0.0,0.0,278.19
1327.656,1237.995,999.999,1.0,1.0,1.0,4585.977
1852.257,1034.847,0.0,1.0,1.0,0.0,2887.1040000000003
2542.65,0.0,0.0,1.0,0.0,0.0,2542.65
3954.654,0.0,0.0,2.0,0.0,0.0,3954.654
739.398,0.0,0.0,1.0,0.0,0.0,739.398
108.9,0.0,206.25,1.0,0.0,1.0,1004.1899999999999
1394.91,0.0,0.0,1.0,0.0,0.0,1394.91
3729.066,1968.516,951.357,4.0,2.0,1.0,11036.618999999999
1019.8979999999999,0.0,315.15,1.0,0.0,1.0,2330.163
2057.55,0.0,0.0,1.0,0.0,0.0,2057.55
3438.864,0.0,0.0,1.0,0.0,0.0,3438.864
2053.59,1028.511,998.4150000000001,2.0,1.0,3.0,7293.4619999999995
3319.8,0.0,0.0,2.0,0.0,0.0,3319.8
632.115,832.689,0.0,1.0,2.0,0.0,1464.804
1838.694,0.0,0.0,2.0,0.0,0.0,1838.694
1010.79,0.0,0.0,1.0,0.0,0.0,1010.79
1222.584,0.0,0.0,1.0,0.0,0.0,1222.584
980.661,0.0,0.0,1.0,0.0,0.0,980.661
1772.133,0.0,0.0,2.0,0.0,0.0,1772.133
488.466,0.0,0.0,1.0,0.0,0.0,488.466
543.51,0.0,0.0,1.0,0.0,0.0,543.51
510.84,428.835,0.0,1.0,1.0,0.0,939.675
3448.6319999999996,0.0,0.0,1.0,0.0,0.0,3448.6319999999996
419.43,0.0,0.0,1.0,0.0,0.0,419.43
1730.85,0.0,0.0,1.0,0.0,0.0,1730.85
1187.835,0.0,0.0,2.0,0.0,0.0,1187.835
307.56,0.0,0.0,1.0,0.0,0.0,307.56
2378.0460000000003,0.0,0.0,1.0,0.0,0.0,2378.0460000000003
233.64,0.0,0.0,1.0,0.0,0.0,502.26
914.661,0.0,0.0,1.0,0.0,0.0,914.661
846.252,0.0,0.0,2.0,0.0,0.0,846.252
32.67,0.0,679.14,1.0,0.0,1.0,711.81
466.917,0.0,0.0,1.0,0.0,0.0,466.917
2476.749,0.0,816.156,2.0,0.0,1.0,3292.9049999999997
564.465,437.25,493.515,1.0,1.0,1.0,2025.1109999999999
300.696,0.0,0.0,1.0,0.0,0.0,300.696
3087.348,0.0,2298.318,2.0,0.0,1.0,5385.666
278.38800000000003,0.0,0.0,1.0,0.0,0.0,278.38800000000003
442.332,0.0,0.0,1.0,0.0,0.0,442.332
1839.849,4719.297,0.0,1.0,2.0,0.0,6559.146
6331.314,889.746,2506.548,2.0,1.0,2.0,9727.608
2239.182,0.0,0.0,2.0,0.0,0.0,2239.182
1096.194,0.0,0.0,1.0,0.0,0.0,1096.194
501.10499999999996,0.0,0.0,1.0,0.0,0.0,501.10499999999996
287.43,0.0,0.0,1.0,0.0,0.0,287.43
800.415,0.0,0.0,1.0,0.0,0.0,800.415
5700.222,0.0,0.0,1.0,0.0,0.0,5700.222
1001.088,3066.426,0.0,1.0,1.0,0.0,5072.628
14332.263,0.0,0.0,2.0,0.0,0.0,19092.249
1364.385,0.0,0.0,1.0,0.0,0.0,1364.385
119.46,0.0,0.0,1.0,0.0,0.0,119.46
731.61,0.0,0.0,1.0,0.0,0.0,1888.557
280.5,0.0,0.0,1.0,0.0,0.0,280.5
1014.8489999999999,0.0,0.0,1.0,0.0,0.0,1014.8489999999999
2797.905,0.0,2144.274,1.0,0.0,1.0,7632.174
611.985,0.0,363.66,1.0,0.0,1.0,1451.175
459.36,0.0,0.0,1.0,0.0,0.0,459.36
2387.055,332.64,3726.855,2.0,1.0,1.0,8215.35
853.875,0.0,0.0,1.0,0.0,0.0,1308.516
2311.9139999999998,0.0,0.0,2.0,0.0,0.0,2311.9139999999998
1626.372,302.93999999999994,736.5600000000001,2.0,1.0,1.0,4405.104
1030.194,1418.67,1731.0810000000001,1.0,2.0,2.0,4179.945
2443.4519999999998,0.0,772.068,2.0,0.0,1.0,4022.37
790.02,2185.854,0.0,1.0,1.0,0.0,2975.874
829.62,0.0,0.0,2.0,0.0,0.0,829.62
828.894,0.0,0.0,1.0,0.0,0.0,828.894
365.30999999999995,0.0,0.0,1.0,0.0,0.0,365.30999999999995
2767.38,0.0,0.0,1.0,0.0,0.0,2767.38
3113.352,0.0,0.0,2.0,0.0,0.0,4115.562
566.94,0.0,0.0,1.0,0.0,0.0,566.94
335.808,0.0,369.46799999999996,1.0,0.0,1.0,705.276
399.135,0.0,0.0,1.0,0.0,0.0,399.135
916.245,529.254,0.0,1.0,1.0,0.0,2752.068
542.52,0.0,0.0,1.0,0.0,0.0,542.52
932.8770000000001,0.0,0.0,1.0,0.0,0.0,932.8770000000001
901.362,0.0,0.0,1.0,0.0,0.0,901.362
4348.608,9953.789999999999,5512.353,2.0,7.0,4.0,49814.556
519.948,0.0,0.0,1.0,0.0,0.0,519.948
918.72,0.0,0.0,1.0,0.0,0.0,918.72
958.3199999999999,0.0,0.0,2.0,0.0,0.0,958.3199999999999
1376.76,0.0,0.0,1.0,0.0,0.0,1376.76
1283.799,0.0,0.0,1.0,0.0,0.0,1283.799
4974.156,0.0,0.0,2.0,0.0,0.0,4974.156
13443.936,10127.369999999999,6418.632,4.0,3.0,5.0,60559.157999999996
641.355,741.675,0.0,1.0,1.0,0.0,3071.9700000000003
2557.401,752.136,0.0,2.0,1.0,0.0,4559.808
862.488,0.0,0.0,1.0,0.0,0.0,862.488
766.458,0.0,0.0,1.0,0.0,0.0,766.458
1098.8999999999999,0.0,0.0,1.0,0.0,0.0,1098.8999999999999
4073.586,2989.14,2424.84,4.0,2.0,2.0,14194.29
954.492,0.0,0.0,1.0,0.0,0.0,954.492
1552.1879999999999,0.0,0.0,1.0,0.0,0.0,1552.1879999999999
852.7529999999999,1656.567,0.0,1.0,1.0,0.0,2509.3199999999997
2500.344,0.0,0.0,1.0,0.0,0.0,2500.344
1721.478,0.0,0.0,2.0,0.0,0.0,1721.478
652.476,0.0,0.0,1.0,0.0,0.0,652.476
1649.637,0.0,0.0,1.0,0.0,0.0,1649.637
339.57,0.0,0.0,1.0,0.0,0.0,578.49
2039.862,661.9469999999999,0.0,2.0,1.0,0.0,4360.818
411.081,0.0,0.0,1.0,0.0,0.0,411.081
2473.119,0.0,0.0,2.0,0.0,0.0,2473.119
346.5,0.0,0.0,1.0,0.0,0.0,346.5
1102.365,0.0,0.0,1.0,0.0,0.0,1102.365
451.43999999999994,0.0,0.0,1.0,0.0,0.0,451.43999999999994
84.15,0.0,55.935,1.0,0.0,1.0,140.085
737.484,2430.054,873.708,1.0,2.0,2.0,4413.684
504.9,0.0,0.0,1.0,0.0,0.0,504.9
711.81,0.0,0.0,1.0,0.0,0.0,711.81
403.91999999999996,0.0,0.0,1.0,0.0,0.0,403.91999999999996
418.11,0.0,0.0,1.0,0.0,0.0,418.11
7892.247,0.0,0.0,2.0,0.0,0.0,7892.247
1678.413,0.0,0.0,2.0,0.0,0.0,1678.413
1135.662,0.0,0.0,1.0,0.0,0.0,1135.662
528.165,0.0,0.0,1.0,0.0,0.0,1839.585
2565.783,759.0,851.235,3.0,1.0,1.0,5207.235000000001
1021.4820000000001,0.0,0.0,1.0,0.0,0.0,1021.4820000000001
584.595,0.0,0.0,1.0,0.0,0.0,584.595
2876.28,1957.725,0.0,1.0,1.0,0.0,4834.005
2658.084,0.0,1969.044,1.0,0.0,2.0,4627.128
2681.91,2537.139,0.0,1.0,1.0,0.0,5219.049
1200.54,0.0,1179.42,2.0,0.0,1.0,2379.96
550.242,0.0,490.479,1.0,0.0,1.0,1040.721
168.29999999999998,0.0,0.0,1.0,0.0,0.0,168.29999999999998
1263.537,0.0,0.0,1.0,0.0,0.0,1263.537
665.049,0.0,0.0,1.0,0.0,0.0,665.049
900.108,268.488,0.0,1.0,1.0,0.0,1168.596
1378.773,0.0,342.276,1.0,0.0,1.0,1721.049
688.248,0.0,0.0,1.0,0.0,0.0,688.248
378.345,1674.255,0.0,1.0,2.0,0.0,2052.6000000000004
1737.186,0.0,0.0,1.0,0.0,0.0,1737.186
1340.13,762.3,383.097,2.0,1.0,1.0,4470.7080000000005
2503.182,0.0,2830.014,2.0,0.0,2.0,8486.544
224.235,0.0,0.0,1.0,0.0,0.0,224.235
1053.921,0.0,0.0,2.0,0.0,0.0,1053.921
854.535,0.0,0.0,1.0,0.0,0.0,1494.9
2330.6910000000003,1000.032,1025.574,2.0,1.0,1.0,6799.650000000001
269.28,0.0,0.0,1.0,0.0,0.0,2546.247
5144.667,2003.661,1015.146,3.0,2.0,1.0,11950.059000000001
215.82,0.0,0.0,1.0,0.0,0.0,215.82
1203.378,710.028,997.821,2.0,1.0,1.0,6280.263
2256.507,2000.922,996.303,2.0,2.0,1.0,9111.366
506.88,0.0,0.0,1.0,0.0,0.0,1444.4099999999999
941.556,0.0,0.0,1.0,0.0,0.0,941.556
767.58,0.0,0.0,1.0,0.0,0.0,767.58
3486.879,0.0,0.0,1.0,0.0,0.0,5025.075
231.99,440.55,0.0,2.0,1.0,0.0,1526.5140000000001
1258.356,0.0,0.0,1.0,0.0,0.0,1258.356
1324.521,0.0,0.0,1.0,0.0,0.0,1324.521
419.76,0.0,0.0,1.0,0.0,0.0,419.76
899.118,0.0,0.0,1.0,0.0,0.0,899.118
562.815,0.0,0.0,1.0,0.0,0.0,1146.915
578.391,0.0,0.0,1.0,0.0,0.0,578.391
481.46999999999997,0.0,0.0,1.0,0.0,0.0,481.46999999999997
131.175,0.0,0.0,1.0,0.0,0.0,131.175
1638.879,1469.226,0.0,3.0,1.0,0.0,3561.822
211.365,0.0,0.0,2.0,0.0,0.0,211.365
1010.229,0.0,0.0,1.0,0.0,0.0,1010.229
814.11,393.195,0.0,1.0,1.0,0.0,1207.305
1576.113,0.0,1525.623,1.0,0.0,1.0,3101.736
564.003,0.0,0.0,1.0,0.0,0.0,564.003
1206.909,1449.294,0.0,1.0,1.0,0.0,4310.7570000000005
606.705,0.0,0.0,1.0,0.0,0.0,606.705
374.55,0.0,0.0,1.0,0.0,0.0,374.55
540.54,0.0,0.0,1.0,0.0,0.0,540.54
4026.396,7538.916,3798.036,3.0,2.0,2.0,23182.995000000003
1207.1399999999999,0.0,0.0,1.0,0.0,0.0,1207.1399999999999
1009.8000000000001,0.0,0.0,1.0,0.0,0.0,1009.8000000000001
1927.926,0.0,0.0,2.0,0.0,0.0,1927.926
3234.3959999999997,0.0,2824.7999999999997,2.0,0.0,1.0,11343.981
1532.256,0.0,0.0,1.0,0.0,0.0,1532.256
455.07,0.0,0.0,1.0,0.0,0.0,455.07
663.96,0.0,0.0,1.0,0.0,0.0,663.96
1072.17,0.0,0.0,1.0,0.0,0.0,1072.17
537.9,0.0,0.0,1.0,0.0,0.0,537.9
1401.312,0.0,0.0,1.0,0.0,0.0,1401.312
604.725,0.0,0.0,1.0,0.0,0.0,604.725
1483.086,0.0,0.0,1.0,0.0,0.0,1483.086
2294.457,0.0,0.0,1.0,0.0,0.0,2294.457
2093.157,1725.669,1321.188,3.0,2.0,2.0,9028.833
1012.572,0.0,0.0,1.0,0.0,0.0,1012.572
658.68,0.0,0.0,1.0,0.0,0.0,658.68
3266.406,0.0,0.0,3.0,0.0,0.0,5885.55
579.48,0.0,1050.192,2.0,0.0,1.0,2764.047
251.85600000000002,0.0,0.0,1.0,0.0,0.0,251.85600000000002
1030.854,0.0,0.0,1.0,0.0,0.0,1030.854
2500.542,6043.356,0.0,1.0,1.0,0.0,8543.898
1369.104,0.0,0.0,1.0,0.0,0.0,1369.104
170.28,0.0,0.0,1.0,0.0,0.0,170.28
1075.8,1135.2,0.0,1.0,1.0,0.0,2211.0
590.7,0.0,0.0,1.0,0.0,0.0,590.7
1190.574,0.0,0.0,2.0,0.0,0.0,1550.439
196.35000000000002,0.0,0.0,1.0,0.0,0.0,196.35000000000002
494.637,0.0,0.0,1.0,0.0,0.0,494.637
568.557,0.0,0.0,2.0,0.0,0.0,568.557
910.569,878.13,0.0,1.0,1.0,0.0,1788.699
1785.465,1772.892,0.0,1.0,2.0,0.0,3558.357
3395.1059999999998,969.342,3186.909,2.0,1.0,3.0,11479.875
99.0,0.0,0.0,1.0,0.0,0.0,99.0
1341.384,0.0,0.0,1.0,0.0,0.0,1341.384
280.5,0.0,0.0,1.0,0.0,0.0,280.5
537.405,0.0,1032.57,1.0,0.0,1.0,1569.975
499.95000000000005,0.0,602.91,1.0,0.0,1.0,1102.8600000000001
766.59,0.0,0.0,1.0,0.0,0.0,766.59
3394.248,0.0,0.0,1.0,0.0,0.0,3394.248
1714.944,0.0,0.0,1.0,0.0,0.0,1714.944
965.085,0.0,0.0,1.0,0.0,0.0,965.085
349.272,0.0,0.0,1.0,0.0,0.0,349.272
435.27,0.0,0.0,1.0,0.0,0.0,435.27
1378.146,0.0,1480.941,1.0,0.0,2.0,2859.087
1300.035,0.0,0.0,1.0,0.0,0.0,1300.035
409.53,0.0,0.0,1.0,0.0,0.0,1014.948
656.37,999.24,0.0,1.0,1.0,0.0,1655.6100000000001
832.557,0.0,0.0,1.0,0.0,0.0,832.557
2841.795,606.045,2188.494,2.0,1.0,2.0,7972.866
1173.645,0.0,0.0,3.0,0.0,0.0,1999.569
1627.4279999999999,0.0,1025.541,3.0,0.0,1.0,3771.24
349.305,0.0,0.0,1.0,0.0,0.0,349.305
148.5,0.0,0.0,1.0,0.0,0.0,821.601
1134.936,0.0,688.446,1.0,0.0,1.0,3976.731
2387.55,0.0,452.265,3.0,0.0,1.0,2839.815
556.9739999999999,607.794,0.0,2.0,1.0,0.0,1821.831
290.07,0.0,0.0,1.0,0.0,0.0,290.07
1884.3,0.0,0.0,1.0,0.0,0.0,5970.294
1219.35,0.0,0.0,1.0,0.0,0.0,1219.35
1039.5,0.0,0.0,1.0,0.0,0.0,1039.5
789.261,364.815,0.0,1.0,1.0,0.0,1565.421
1482.954,0.0,0.0,1.0,0.0,0.0,1482.954
61.875,0.0,985.38,1.0,0.0,1.0,1047.255
1863.246,2621.553,0.0,2.0,1.0,0.0,4484.799
1123.716,0.0,897.765,2.0,0.0,1.0,2021.4809999999998
2500.443,0.0,1263.042,1.0,0.0,1.0,3763.485
579.15,0.0,0.0,1.0,0.0,0.0,579.15
406.89,0.0,0.0,1.0,0.0,0.0,932.316
1728.738,0.0,0.0,1.0,0.0,0.0,3148.563
868.461,0.0,0.0,2.0,0.0,0.0,868.461
229.68000000000004,0.0,564.1020000000001,1.0,0.0,1.0,793.7820000000002
1170.576,0.0,0.0,2.0,0.0,0.0,1170.576
392.535,0.0,0.0,1.0,0.0,0.0,392.535
1766.622,0.0,0.0,1.0,0.0,0.0,1766.622
2099.328,604.395,0.0,3.0,2.0,0.0,3845.424
1292.445,1021.119,500.544,1.0,1.0,1.0,5394.246
1457.2800000000002,0.0,0.0,1.0,0.0,0.0,2826.78
1352.934,0.0,0.0,2.0,0.0,0.0,1352.934
965.3820000000001,0.0,0.0,2.0,0.0,0.0,1357.587
340.89,0.0,0.0,1.0,0.0,0.0,340.89
1025.97,0.0,392.337,2.0,0.0,1.0,1817.013
586.047,0.0,397.617,1.0,0.0,1.0,983.664
1633.5,0.0,0.0,1.0,0.0,0.0,2768.7
873.477,0.0,1137.477,1.0,0.0,1.0,4263.633
937.299,0.0,0.0,1.0,0.0,0.0,937.299
1124.475,0.0,0.0,1.0,0.0,0.0,1124.475
756.789,0.0,0.0,1.0,0.0,0.0,756.789
2196.381,0.0,534.4350000000001,3.0,0.0,1.0,4139.751
709.995,0.0,0.0,1.0,0.0,0.0,4810.5419999999995
1149.258,0.0,0.0,1.0,0.0,0.0,1149.258
2465.199,952.875,1231.593,3.0,1.0,2.0,4649.667
3587.496,8292.702,5885.847,2.0,3.0,3.0,23331.099
1563.573,0.0,0.0,2.0,0.0,0.0,1563.573
1107.579,2065.305,384.285,1.0,1.0,1.0,3557.1689999999994
3683.8559999999998,0.0,0.0,4.0,0.0,0.0,3683.8559999999998
518.397,0.0,0.0,1.0,0.0,0.0,518.397
1063.392,486.09,0.0,1.0,1.0,0.0,2387.616
382.83299999999997,0.0,0.0,1.0,0.0,0.0,382.83299999999997
375.969,0.0,0.0,1.0,0.0,0.0,375.969
5063.1900000000005,2364.12,0.0,1.0,2.0,0.0,7427.31
1870.5720000000001,0.0,0.0,1.0,0.0,0.0,1870.5720000000001
1387.65,0.0,0.0,2.0,0.0,0.0,4090.614
390.225,0.0,0.0,1.0,0.0,0.0,390.225
360.525,0.0,0.0,1.0,0.0,0.0,360.525
769.791,0.0,0.0,1.0,0.0,0.0,769.791
419.364,0.0,0.0,1.0,0.0,0.0,419.364
3186.3810000000003,0.0,0.0,1.0,0.0,0.0,3186.3810000000003
935.649,0.0,0.0,1.0,0.0,0.0,935.649
1012.968,0.0,0.0,1.0,0.0,0.0,1012.968
2271.456,0.0,2689.632,1.0,0.0,1.0,4961.088
1287.198,0.0,311.223,2.0,0.0,1.0,3010.623
469.92,0.0,0.0,1.0,0.0,0.0,469.92
205.029,410.058,0.0,1.0,1.0,0.0,615.087
1133.946,0.0,0.0,1.0,0.0,0.0,1133.946
9410.214,1262.9099999999999,0.0,6.0,1.0,0.0,10673.124
2904.0,0.0,0.0,2.0,0.0,0.0,2904.0
670.23,1553.904,0.0,1.0,1.0,0.0,4234.56
1297.989,0.0,0.0,1.0,0.0,0.0,1297.989
932.184,0.0,0.0,1.0,0.0,0.0,932.184
400.78499999999997,0.0,359.535,1.0,0.0,1.0,760.3199999999999
713.922,0.0,0.0,1.0,0.0,0.0,1140.6779999999999
1455.795,3977.457,0.0,1.0,2.0,0.0,9778.329
1573.968,412.92900000000003,0.0,1.0,1.0,0.0,1986.8970000000002
2199.978,0.0,1034.154,2.0,0.0,1.0,3234.132
1319.934,4014.351,133.05599999999998,3.0,4.0,1.0,8344.281
1483.812,0.0,0.0,1.0,0.0,0.0,1483.812
2062.632,0.0,1695.672,1.0,0.0,1.0,5039.3640000000005
2073.324,0.0,0.0,1.0,0.0,0.0,2073.324
546.645,0.0,0.0,1.0,0.0,0.0,5359.2
2380.95,1105.236,0.0,2.0,1.0,0.0,3486.1859999999997
3896.904,5163.015,0.0,2.0,2.0,0.0,9059.919
516.945,554.73,0.0,1.0,1.0,0.0,1612.908
1032.24,0.0,0.0,1.0,0.0,0.0,3871.527
2120.085,5174.829,3569.148,2.0,4.0,4.0,12665.235
2776.059,0.0,0.0,2.0,0.0,0.0,3209.7780000000002
516.12,0.0,0.0,1.0,0.0,0.0,516.12
570.5699999999999,0.0,0.0,1.0,0.0,0.0,570.5699999999999
351.12,0.0,0.0,1.0,0.0,0.0,351.12
478.5,0.0,0.0,1.0,0.0,0.0,478.5
717.915,0.0,0.0,1.0,0.0,0.0,717.915
503.745,0.0,0.0,1.0,0.0,0.0,503.745
3700.818,0.0,559.3499999999999,1.0,0.0,2.0,4260.168
3140.346,0.0,2324.289,2.0,0.0,1.0,5464.635
2321.022,560.142,0.0,2.0,1.0,0.0,5864.76
2417.58,989.835,1220.67,2.0,1.0,1.0,5542.185
2307.888,0.0,0.0,2.0,0.0,0.0,2307.888
1087.845,2051.181,1101.936,1.0,2.0,1.0,9665.898000000001
676.83,0.0,0.0,1.0,0.0,0.0,676.83
1053.921,0.0,0.0,1.0,0.0,0.0,1053.921
1362.4050000000002,0.0,0.0,1.0,0.0,0.0,1362.4050000000002
1813.119,0.0,0.0,1.0,0.0,0.0,1813.119
1021.284,0.0,1193.973,1.0,0.0,2.0,2215.257
2376.0,0.0,0.0,1.0,0.0,0.0,2376.0
479.919,0.0,0.0,1.0,0.0,0.0,479.919
392.964,0.0,399.3,1.0,0.0,1.0,792.264
390.456,0.0,0.0,1.0,0.0,0.0,390.456
1926.507,1554.432,0.0,1.0,2.0,0.0,3480.9390000000003
759.3299999999999,0.0,0.0,1.0,0.0,0.0,759.3299999999999
1234.1999999999998,0.0,0.0,1.0,0.0,0.0,1234.1999999999998
1272.777,902.352,0.0,1.0,1.0,0.0,2175.129
415.14,0.0,0.0,1.0,0.0,0.0,415.14
538.725,0.0,0.0,1.0,0.0,0.0,538.725
2487.474,1023.66,563.475,3.0,2.0,1.0,7371.342000000001
2886.015,0.0,0.0,1.0,0.0,0.0,2886.015
910.701,0.0,0.0,1.0,0.0,0.0,910.701
547.602,0.0,0.0,1.0,0.0,0.0,547.602
2853.741,0.0,919.0500000000001,2.0,0.0,3.0,3772.791
2598.42,0.0,1482.6239999999998,1.0,0.0,1.0,5202.813
310.2,0.0,0.0,1.0,0.0,0.0,310.2
1298.286,0.0,0.0,1.0,0.0,0.0,3182.784
1060.818,823.119,1263.438,2.0,1.0,1.0,6376.293
1001.913,0.0,0.0,1.0,0.0,0.0,1001.913
991.716,0.0,0.0,1.0,0.0,0.0,991.716
1180.014,0.0,1215.786,1.0,0.0,2.0,2395.8
122.76,0.0,0.0,1.0,0.0,0.0,122.76
776.259,0.0,0.0,1.0,0.0,0.0,776.259
34873.146,8114.865,1980.759,12.0,5.0,2.0,65944.692
1008.2819999999999,0.0,0.0,1.0,0.0,0.0,1008.2819999999999
375.012,0.0,0.0,1.0,0.0,0.0,375.012
9614.814,2331.7799999999997,3240.864,1.0,1.0,1.0,20646.516
1096.953,0.0,0.0,1.0,0.0,0.0,1096.953
6804.501,0.0,2221.4610000000002,5.0,0.0,2.0,16420.8
1502.094,0.0,0.0,1.0,0.0,0.0,1502.094
1015.08,0.0,0.0,1.0,0.0,0.0,1015.08
2086.326,0.0,0.0,1.0,0.0,0.0,2086.326
1741.905,0.0,0.0,1.0,0.0,0.0,1741.905
1280.4660000000001,1246.212,0.0,1.0,1.0,0.0,3474.405
973.698,0.0,0.0,1.0,0.0,0.0,2439.888
299.475,0.0,0.0,1.0,0.0,0.0,299.475
973.995,0.0,0.0,1.0,0.0,0.0,973.995
1028.643,0.0,0.0,1.0,0.0,0.0,1028.643
390.225,478.5,0.0,1.0,1.0,0.0,2137.41
1488.036,0.0,0.0,1.0,0.0,0.0,3003.33
1036.53,1296.8999999999999,1522.125,1.0,1.0,1.0,6362.697
4033.986,0.0,0.0,1.0,0.0,0.0,8264.091
992.145,1099.8899999999999,0.0,1.0,1.0,0.0,3629.8019999999997
792.33,0.0,0.0,1.0,0.0,0.0,792.33
1018.644,1256.244,0.0,1.0,1.0,0.0,5365.602
797.511,0.0,0.0,2.0,0.0,0.0,797.511
1509.222,0.0,0.0,1.0,0.0,0.0,1509.222
1163.58,0.0,0.0,1.0,0.0,0.0,1163.58
514.833,993.432,1605.813,2.0,1.0,2.0,3114.078
74.646,0.0,0.0,2.0,0.0,0.0,74.646
802.824,0.0,0.0,1.0,0.0,0.0,802.824
328.35,0.0,0.0,1.0,0.0,0.0,328.35
584.595,0.0,0.0,1.0,0.0,0.0,1568.424
495.0,0.0,416.724,1.0,0.0,1.0,911.7239999999999
883.0799999999999,0.0,0.0,1.0,0.0,0.0,883.0799999999999
4096.719,0.0,0.0,1.0,0.0,0.0,5946.6990000000005
1309.638,0.0,0.0,1.0,0.0,0.0,1309.638
112.2,0.0,0.0,1.0,0.0,0.0,112.2
372.24,0.0,0.0,1.0,0.0,0.0,372.24
123.42000000000002,0.0,0.0,1.0,0.0,0.0,123.42000000000002
3055.536,468.468,1493.316,3.0,2.0,3.0,5017.32
942.414,0.0,0.0,1.0,0.0,0.0,942.414
434.61,0.0,0.0,1.0,0.0,0.0,434.61
469.524,0.0,0.0,1.0,0.0,0.0,469.524
2402.334,0.0,0.0,1.0,0.0,0.0,2402.334
938.289,900.702,0.0,1.0,1.0,0.0,2557.8959999999997
179.19,321.882,0.0,1.0,1.0,0.0,501.072
1204.236,0.0,472.23,1.0,0.0,1.0,1676.4660000000001
404.91,0.0,0.0,1.0,0.0,0.0,404.91
3804.669,484.671,504.24,4.0,1.0,1.0,4793.58
1039.5,0.0,780.12,1.0,0.0,1.0,1819.62
3748.965,0.0,0.0,1.0,0.0,0.0,3748.965
841.5,0.0,0.0,1.0,0.0,0.0,841.5
1027.092,2110.482,708.543,1.0,2.0,1.0,7058.007
544.5,0.0,0.0,1.0,0.0,0.0,544.5
1120.68,0.0,0.0,1.0,0.0,0.0,1120.68
1243.11,0.0,0.0,1.0,0.0,0.0,1243.11
1571.955,0.0,0.0,1.0,0.0,0.0,1571.955
3175.986,1612.611,0.0,3.0,1.0,0.0,4788.597
1092.135,0.0,0.0,1.0,0.0,0.0,1092.135
360.69,1145.826,819.687,1.0,2.0,2.0,3764.376
1525.095,0.0,0.0,1.0,0.0,0.0,1525.095
1289.607,0.0,0.0,1.0,0.0,0.0,1289.607
685.278,0.0,0.0,1.0,0.0,0.0,685.278
9931.152,1739.1,9514.032000000001,1.0,1.0,2.0,21184.284
1001.7810000000001,0.0,0.0,1.0,0.0,0.0,1001.7810000000001
597.3000000000001,0.0,0.0,1.0,0.0,0.0,597.3000000000001
719.565,0.0,0.0,1.0,0.0,0.0,719.565
362.40600000000006,0.0,0.0,1.0,0.0,0.0,362.40600000000006
1207.239,0.0,0.0,1.0,0.0,0.0,1207.239
5909.376,33.0,789.03,4.0,1.0,1.0,9710.217
17527.092,12745.062,23254.043999999998,3.0,1.0,2.0,96172.098
1796.52,1377.123,0.0,2.0,1.0,0.0,5123.282999999999
802.626,0.0,0.0,1.0,0.0,0.0,802.626
14378.826,6897.0,1628.55,3.0,2.0,1.0,26095.014
215.754,0.0,0.0,1.0,0.0,0.0,215.754
285.45,0.0,0.0,1.0,0.0,0.0,285.45
1990.791,0.0,0.0,1.0,0.0,0.0,1990.791
1048.047,1139.292,0.0,1.0,1.0,0.0,8283.759
1909.545,0.0,0.0,1.0,0.0,0.0,1909.545
4786.98,0.0,0.0,2.0,0.0,0.0,12009.029999999999
805.4639999999999,0.0,0.0,1.0,0.0,0.0,805.4639999999999
1204.434,1124.541,0.0,1.0,1.0,0.0,4057.5809999999997
116.82,1727.55,0.0,1.0,2.0,0.0,1844.37
3388.176,1542.09,0.0,1.0,1.0,0.0,6583.236
231.066,0.0,545.985,1.0,0.0,1.0,777.051
77.88,0.0,0.0,1.0,0.0,0.0,77.88
4871.526,0.0,0.0,1.0,0.0,0.0,4871.526
909.282,894.432,0.0,1.0,1.0,0.0,1803.714
466.65299999999996,0.0,0.0,1.0,0.0,0.0,466.65299999999996
702.834,0.0,673.2,1.0,0.0,2.0,1376.034
863.808,0.0,0.0,1.0,0.0,0.0,863.808
463.32,0.0,0.0,1.0,0.0,0.0,820.38
2549.613,19.47,2030.589,2.0,1.0,1.0,6429.126
1470.645,1849.155,0.0,1.0,1.0,0.0,9226.569
133.64999999999998,0.0,0.0,1.0,0.0,0.0,133.64999999999998
992.31,0.0,0.0,1.0,0.0,0.0,992.31
336.996,0.0,0.0,1.0,0.0,0.0,336.996
112.2,0.0,0.0,1.0,0.0,0.0,224.4
526.383,0.0,0.0,1.0,0.0,0.0,526.383
1198.692,0.0,850.905,1.0,0.0,1.0,4867.764
1346.4,2632.08,6555.78,2.0,1.0,4.0,20990.309999999998
575.52,0.0,0.0,1.0,0.0,0.0,575.52
1357.6860000000001,0.0,0.0,1.0,0.0,0.0,2187.8340000000003
832.26,2523.345,1498.8600000000001,1.0,4.0,2.0,9525.153
2709.63,0.0,0.0,1.0,0.0,0.0,2709.63
3055.536,0.0,3356.463,2.0,0.0,3.0,8832.549
590.535,0.0,0.0,1.0,0.0,0.0,590.535
1062.864,0.0,0.0,2.0,0.0,0.0,1062.864
708.642,0.0,404.90999999999997,1.0,0.0,1.0,1113.5520000000001
976.8,0.0,0.0,1.0,0.0,0.0,5401.704
819.7860000000001,1779.096,0.0,2.0,1.0,0.0,2598.882
1083.621,0.0,0.0,1.0,0.0,0.0,1083.621
613.701,0.0,0.0,1.0,0.0,0.0,613.701
1544.4,772.1999999999999,0.0,2.0,1.0,0.0,2316.6
1238.985,0.0,0.0,1.0,0.0,0.0,1238.985
925.881,0.0,0.0,1.0,0.0,0.0,925.881
755.04,0.0,0.0,1.0,0.0,0.0,755.04
2167.11,1745.733,0.0,1.0,1.0,0.0,3912.843
689.601,0.0,0.0,1.0,0.0,0.0,689.601
445.16999999999996,0.0,0.0,1.0,0.0,0.0,445.16999999999996
2347.125,0.0,0.0,1.0,0.0,0.0,2347.125
12.375,0.0,0.0,1.0,0.0,0.0,12.375
1633.5,0.0,0.0,1.0,0.0,0.0,1633.5
2907.828,2523.114,1150.281,2.0,2.0,1.0,14741.628
2046.462,0.0,0.0,1.0,0.0,0.0,3282.312
370.95300000000003,0.0,0.0,1.0,0.0,0.0,370.95300000000003
1278.057,0.0,0.0,1.0,0.0,0.0,1278.057
995.049,0.0,807.807,1.0,0.0,1.0,1802.856
700.92,0.0,0.0,1.0,0.0,0.0,1473.3509999999999
963.105,823.6800000000001,0.0,2.0,1.0,0.0,1786.785
10002.960000000001,3727.878,3936.438,5.0,2.0,2.0,40000.719
290.235,0.0,0.0,1.0,0.0,0.0,290.235
680.4929999999999,0.0,0.0,1.0,0.0,0.0,680.4929999999999
972.246,968.979,0.0,1.0,1.0,0.0,3865.587
449.856,0.0,0.0,1.0,0.0,0.0,935.0219999999999
1444.443,0.0,0.0,1.0,0.0,0.0,1444.443
2292.312,1234.86,1293.93,3.0,3.0,3.0,7304.913
305.976,0.0,0.0,1.0,0.0,0.0,305.976
3407.118,0.0,0.0,1.0,0.0,0.0,3407.118
2287.329,0.0,0.0,2.0,0.0,0.0,2287.329
1057.914,0.0,0.0,1.0,0.0,0.0,1057.914
487.57500000000005,683.826,314.094,1.0,1.0,1.0,3281.256
4186.512,1108.8,2257.266,2.0,1.0,2.0,13087.601999999999
2575.386,772.6949999999999,344.52,1.0,1.0,1.0,6311.118
21819.633,0.0,0.0,1.0,0.0,0.0,45754.797000000006
717.519,0.0,695.64,1.0,0.0,1.0,1413.159
1206.051,0.0,0.0,1.0,0.0,0.0,1206.051
469.392,422.235,429.66,1.0,1.0,1.0,1416.162
6157.866,1203.972,0.0,1.0,1.0,0.0,9892.872
698.94,0.0,0.0,1.0,0.0,0.0,698.94
1043.163,645.744,913.44,1.0,1.0,1.0,2602.347
3628.911,0.0,0.0,1.0,0.0,0.0,3628.911
1337.094,638.88,0.0,1.0,1.0,0.0,2543.904
275.71500000000003,518.76,338.25,1.0,1.0,1.0,1483.317
1777.248,617.265,0.0,1.0,1.0,0.0,2394.513
1028.115,0.0,0.0,1.0,0.0,0.0,1028.115
1750.32,0.0,1075.14,1.0,0.0,1.0,2825.46
425.03999999999996,0.0,0.0,1.0,0.0,0.0,714.45
406.131,0.0,0.0,1.0,0.0,0.0,406.131
1296.9,712.47,1730.85,1.0,1.0,1.0,3740.2200000000003
660.3299999999999,0.0,0.0,1.0,0.0,0.0,660.3299999999999
708.741,0.0,0.0,1.0,0.0,0.0,708.741
1245.09,1255.122,0.0,1.0,2.0,0.0,3846.678
1085.04,0.0,0.0,1.0,0.0,0.0,1085.04
1862.85,2025.21,1523.61,1.0,2.0,2.0,8370.779999999999
1051.215,0.0,0.0,1.0,0.0,0.0,1051.215
3764.145,0.0,0.0,1.0,0.0,0.0,3764.145
792.99,0.0,0.0,1.0,0.0,0.0,1280.9279999999999
980.034,0.0,0.0,1.0,0.0,0.0,980.034
1731.081,0.0,1703.724,2.0,0.0,1.0,4623.398999999999
1023.0,0.0,0.0,1.0,0.0,0.0,1023.0
1082.928,0.0,0.0,1.0,0.0,0.0,1082.928
245.51999999999998,0.0,0.0,1.0,0.0,0.0,245.51999999999998
455.72999999999996,0.0,0.0,1.0,0.0,0.0,970.596
449.59200000000004,0.0,561.165,1.0,0.0,1.0,2732.103
1015.509,0.0,0.0,1.0,0.0,0.0,1015.509
364.98,0.0,0.0,1.0,0.0,0.0,364.98
467.577,0.0,513.744,1.0,0.0,1.0,981.321
990.0000000000001,251.85600000000002,503.71200000000005,2.0,1.0,2.0,3607.164
1224.234,0.0,0.0,2.0,0.0,0.0,1224.234
1018.644,0.0,0.0,1.0,0.0,0.0,1018.644
2979.933,0.0,0.0,1.0,0.0,0.0,2979.933
357.093,0.0,0.0,1.0,0.0,0.0,357.093
936.408,0.0,0.0,1.0,0.0,0.0,936.408
1113.75,0.0,1467.675,1.0,0.0,1.0,2581.425
1351.581,0.0,0.0,1.0,0.0,0.0,1351.581
586.344,0.0,0.0,1.0,0.0,0.0,586.344
546.843,0.0,0.0,1.0,0.0,0.0,546.843
255.024,0.0,0.0,1.0,0.0,0.0,255.024
397.32,0.0,0.0,1.0,0.0,0.0,397.32
1351.35,0.0,0.0,2.0,0.0,0.0,1351.35
5469.321,1045.968,1009.8,3.0,1.0,1.0,10721.139
1035.441,0.0,581.13,1.0,0.0,1.0,1616.571
1320.99,0.0,0.0,1.0,0.0,0.0,1320.99
2076.063,1224.828,0.0,3.0,3.0,0.0,3300.891
308.22,1761.078,2378.145,1.0,2.0,2.0,4447.443
1445.73,1585.386,0.0,1.0,2.0,0.0,5153.313
2067.945,0.0,0.0,1.0,0.0,0.0,2067.945
792.0,0.0,0.0,1.0,0.0,0.0,792.0
3833.94,0.0,0.0,3.0,0.0,0.0,3833.94
745.47,0.0,0.0,1.0,0.0,0.0,745.47
598.455,0.0,474.177,1.0,0.0,1.0,1072.632
1194.6,0.0,0.0,1.0,0.0,0.0,1194.6
351.45,0.0,0.0,1.0,0.0,0.0,351.45
573.903,0.0,507.738,1.0,0.0,1.0,1081.641
1694.8799999999999,0.0,0.0,1.0,0.0,0.0,1694.8799999999999
2058.375,0.0,0.0,1.0,0.0,0.0,2058.375
1020.954,0.0,1163.91,1.0,0.0,1.0,2184.864
1439.559,1665.048,816.585,1.0,1.0,1.0,6936.105
2431.11,0.0,0.0,1.0,0.0,0.0,3910.632
813.318,0.0,0.0,1.0,0.0,0.0,813.318
1009.0740000000001,0.0,0.0,1.0,0.0,0.0,1009.0740000000001
992.442,0.0,0.0,1.0,0.0,0.0,2343.924
1731.675,2928.75,0.0,2.0,2.0,0.0,6874.791
1019.535,1019.7,0.0,1.0,1.0,0.0,2791.173
608.421,0.0,0.0,1.0,0.0,0.0,766.128
1960.2,0.0,0.0,1.0,0.0,0.0,1960.2
1788.9959999999999,0.0,0.0,1.0,0.0,0.0,1788.9959999999999
1225.356,0.0,0.0,2.0,0.0,0.0,1703.988
329.472,0.0,0.0,1.0,0.0,0.0,329.472
2941.455,0.0,0.0,1.0,0.0,0.0,6085.2
893.145,519.42,0.0,2.0,1.0,0.0,3001.845
1017.621,0.0,1497.507,1.0,0.0,1.0,4307.754
37.455,27.225,0.0,1.0,1.0,0.0,134.87099999999998
555.39,0.0,0.0,1.0,0.0,0.0,555.39
652.806,990.3960000000001,0.0,1.0,1.0,0.0,1643.2020000000002
1075.008,0.0,0.0,1.0,0.0,0.0,3453.681
1079.925,0.0,0.0,1.0,0.0,0.0,1079.925
371.41499999999996,0.0,0.0,1.0,0.0,0.0,371.41499999999996
622.413,0.0,0.0,2.0,0.0,0.0,622.413
1350.36,2093.256,0.0,1.0,2.0,0.0,3443.616
383.064,0.0,0.0,1.0,0.0,0.0,383.064
898.59,0.0,0.0,2.0,0.0,0.0,898.59
826.386,1078.77,0.0,1.0,1.0,0.0,1905.156
517.44,1945.5149999999999,1034.814,2.0,2.0,1.0,4389.099
2491.071,0.0,0.0,1.0,0.0,0.0,2491.071
1209.879,0.0,1514.37,3.0,0.0,1.0,5516.544
1888.854,0.0,0.0,1.0,0.0,0.0,4770.546
767.745,0.0,0.0,1.0,0.0,0.0,767.745
1486.848,0.0,0.0,2.0,0.0,0.0,1486.848
1038.279,454.08,0.0,1.0,1.0,0.0,1492.359
1006.335,1200.078,1018.9739999999999,1.0,1.0,1.0,5278.845
2777.907,0.0,0.0,2.0,0.0,0.0,3608.187
1311.75,0.0,0.0,1.0,0.0,0.0,1311.75
2961.783,2418.438,1407.12,2.0,2.0,1.0,8339.133
755.172,0.0,0.0,1.0,0.0,0.0,755.172
3957.789,0.0,0.0,1.0,0.0,0.0,6856.0470000000005
4491.993,1004.52,1855.92,3.0,1.0,2.0,7352.433000000001
861.069,0.0,0.0,2.0,0.0,0.0,861.069
1817.64,0.0,0.0,1.0,0.0,0.0,1817.64
655.281,0.0,0.0,1.0,0.0,0.0,655.281
371.58,0.0,0.0,1.0,0.0,0.0,371.58
2746.689,1312.707,0.0,2.0,1.0,0.0,10859.574
2170.344,0.0,2480.808,1.0,0.0,1.0,4651.152
2011.581,1378.674,907.83,2.0,2.0,1.0,4298.085
953.667,0.0,0.0,1.0,0.0,0.0,1982.8049999999998
221.892,0.0,0.0,1.0,0.0,0.0,1356.63
1091.97,0.0,0.0,1.0,0.0,0.0,1091.97
673.1999999999999,0.0,0.0,1.0,0.0,0.0,673.1999999999999
1277.991,0.0,0.0,1.0,0.0,0.0,1277.991
1169.685,0.0,0.0,1.0,0.0,0.0,1169.685
118.14,0.0,0.0,1.0,0.0,0.0,118.14
1008.018,0.0,1139.622,1.0,0.0,1.0,2147.6400000000003
3286.866,0.0,0.0,2.0,0.0,0.0,3286.866
2638.416,0.0,1037.388,2.0,0.0,1.0,7379.394
2287.494,0.0,1025.607,1.0,0.0,1.0,3313.101
915.255,0.0,0.0,1.0,0.0,0.0,915.255
1437.909,338.712,0.0,3.0,1.0,0.0,1776.621
530.8050000000001,0.0,0.0,1.0,0.0,0.0,530.8050000000001
1225.059,925.98,0.0,1.0,1.0,0.0,2151.0389999999998
398.145,0.0,0.0,1.0,0.0,0.0,398.145
255.09,0.0,0.0,1.0,0.0,0.0,255.09
461.34000000000003,0.0,0.0,1.0,0.0,0.0,461.34000000000003
1014.618,0.0,0.0,1.0,0.0,0.0,1014.618
4036.692,0.0,0.0,1.0,0.0,0.0,4036.692
793.485,0.0,0.0,1.0,0.0,0.0,1431.1770000000001
381.81,0.0,0.0,1.0,0.0,0.0,381.81
2325.939,0.0,1592.547,2.0,0.0,2.0,3918.486
1846.9769999999999,550.4399999999999,0.0,2.0,1.0,0.0,2397.417
892.848,0.0,0.0,1.0,0.0,0.0,892.848
404.382,0.0,0.0,1.0,0.0,0.0,404.382
1195.854,0.0,0.0,1.0,0.0,0.0,3726.9539999999997
420.882,0.0,799.92,2.0,0.0,1.0,2312.9040000000005
300.79499999999996,0.0,0.0,1.0,0.0,0.0,300.79499999999996
611.82,0.0,1091.079,1.0,0.0,1.0,1702.899
785.73,0.0,0.0,1.0,0.0,0.0,785.73
979.704,0.0,0.0,1.0,0.0,0.0,979.704
917.73,0.0,0.0,1.0,0.0,0.0,917.73
1680.063,1321.485,0.0,2.0,1.0,0.0,4291.716
776.655,0.0,585.519,1.0,0.0,1.0,1362.174
448.96500000000003,0.0,342.045,1.0,0.0,1.0,1171.005
1072.83,0.0,0.0,1.0,0.0,0.0,1072.83
229.68,0.0,0.0,1.0,0.0,0.0,843.1500000000001
1205.9850000000001,0.0,0.0,2.0,0.0,0.0,1205.9850000000001
1502.325,0.0,0.0,1.0,0.0,0.0,1502.325
1487.574,0.0,0.0,1.0,0.0,0.0,1487.574
495.132,0.0,0.0,1.0,0.0,0.0,495.132
3574.164,5285.907,5111.172,3.0,6.0,4.0,48300.846
1608.783,0.0,0.0,1.0,0.0,0.0,1608.783
1137.873,0.0,0.0,1.0,0.0,0.0,1137.873
1498.134,0.0,0.0,1.0,0.0,0.0,1498.134
1874.7630000000001,0.0,0.0,2.0,0.0,0.0,2777.973
1316.535,0.0,0.0,2.0,0.0,0.0,2399.4300000000003
13844.259,1381.941,1236.477,35.0,4.0,5.0,34968.054000000004
787.38,0.0,2092.86,2.0,0.0,1.0,2880.2400000000002
866.052,0.0,0.0,1.0,0.0,0.0,866.052
515.79,0.0,0.0,1.0,0.0,0.0,515.79
1565.19,5055.435,1241.79,1.0,2.0,2.0,7862.415000000001
849.222,0.0,0.0,1.0,0.0,0.0,849.222
1135.068,0.0,550.902,2.0,0.0,1.0,1685.97
1182.654,0.0,0.0,1.0,0.0,0.0,1182.654
7298.346,3926.67,0.0,1.0,1.0,0.0,11225.016
3687.816,0.0,0.0,2.0,0.0,0.0,3687.816
827.64,430.848,572.22,2.0,1.0,1.0,2360.853
1351.35,0.0,0.0,1.0,0.0,0.0,3211.263
435.897,0.0,0.0,1.0,0.0,0.0,435.897
1308.351,0.0,520.245,2.0,0.0,1.0,2688.477
421.938,0.0,0.0,1.0,0.0,0.0,421.938
525.36,0.0,0.0,1.0,0.0,0.0,525.36
705.21,0.0,0.0,1.0,0.0,0.0,705.21
2168.331,1026.828,1006.566,2.0,1.0,1.0,4201.725
876.744,0.0,0.0,1.0,0.0,0.0,876.744
850.344,0.0,0.0,1.0,0.0,0.0,850.344
4080.285,4731.639,3695.736,2.0,3.0,2.0,15621.011999999999
129.096,0.0,0.0,1.0,0.0,0.0,129.096
1344.255,0.0,0.0,3.0,0.0,0.0,1344.255
750.156,0.0,0.0,1.0,0.0,0.0,750.156
759.33,1706.76,0.0,1.0,2.0,0.0,5228.487
799.986,0.0,0.0,1.0,0.0,0.0,799.986
2270.07,2130.15,0.0,4.0,1.0,0.0,8158.359
1408.506,0.0,0.0,1.0,0.0,0.0,1408.506
1262.25,0.0,0.0,1.0,0.0,0.0,1262.25
3485.9880000000003,2006.928,0.0,1.0,1.0,0.0,5492.916
998.91,0.0,0.0,1.0,0.0,0.0,998.91
856.845,0.0,0.0,1.0,0.0,0.0,3449.094
751.674,1062.27,0.0,1.0,1.0,0.0,1813.944
982.905,1053.591,0.0,1.0,1.0,0.0,2036.4959999999999
311.38800000000003,0.0,0.0,1.0,0.0,0.0,311.38800000000003
337.524,0.0,0.0,1.0,0.0,0.0,337.524
2818.101,0.0,0.0,1.0,0.0,0.0,2818.101
2774.6730000000002,2536.875,2190.474,2.0,1.0,1.0,8763.612000000001
352.539,0.0,0.0,1.0,0.0,0.0,352.539
1839.948,0.0,0.0,1.0,0.0,0.0,2325.0480000000002
4673.394,0.0,0.0,2.0,0.0,0.0,4673.394
1582.845,0.0,0.0,1.0,0.0,0.0,1582.845
1452.0,0.0,0.0,1.0,0.0,0.0,1452.0
639.87,659.3399999999999,573.2099999999999,1.0,1.0,1.0,4308.8099999999995
2417.7780000000002,0.0,0.0,5.0,0.0,0.0,2417.7780000000002
1017.06,537.735,0.0,1.0,1.0,0.0,1554.795
1145.595,0.0,0.0,1.0,0.0,0.0,1145.595
628.8149999999999,0.0,0.0,1.0,0.0,0.0,628.8149999999999
448.569,0.0,0.0,1.0,0.0,0.0,448.569
823.218,0.0,929.478,2.0,0.0,1.0,1752.696
1358.049,0.0,0.0,2.0,0.0,0.0,1358.049
1297.989,0.0,0.0,2.0,0.0,0.0,1297.989
339.834,0.0,0.0,1.0,0.0,0.0,339.834
350.46,0.0,0.0,1.0,0.0,0.0,350.46
744.81,0.0,0.0,1.0,0.0,0.0,744.81
2658.9089999999997,0.0,0.0,1.0,0.0,0.0,2658.9089999999997
506.253,0.0,0.0,1.0,0.0,0.0,1664.223
505.362,0.0,0.0,1.0,0.0,0.0,505.362
560.34,0.0,0.0,1.0,0.0,0.0,1554.201
734.745,0.0,0.0,1.0,0.0,0.0,734.745
1394.019,0.0,0.0,1.0,0.0,0.0,1394.019
1062.633,0.0,369.204,1.0,0.0,1.0,3177.141
2250.171,0.0,0.0,2.0,0.0,0.0,2250.171
910.074,0.0,0.0,1.0,0.0,0.0,910.074
952.38,0.0,0.0,2.0,0.0,0.0,952.38
1077.12,0.0,0.0,1.0,0.0,0.0,1077.12
2345.97,0.0,1967.229,1.0,0.0,1.0,4313.199
3042.93,0.0,0.0,1.0,0.0,0.0,3042.93
4512.453,0.0,0.0,2.0,0.0,0.0,10216.668
1717.881,0.0,0.0,1.0,0.0,0.0,1717.881
343.2,0.0,0.0,2.0,0.0,0.0,343.2
154.60500000000002,399.861,0.0,1.0,1.0,0.0,711.876
1870.44,0.0,643.236,2.0,0.0,1.0,2513.676
400.125,466.28999999999996,0.0,1.0,1.0,0.0,866.415
2958.549,0.0,0.0,2.0,0.0,0.0,2958.549
1266.045,0.0,0.0,1.0,0.0,0.0,1266.045
1649.67,308.88,852.72,4.0,1.0,1.0,2811.27
1157.475,0.0,0.0,1.0,0.0,0.0,1157.475
818.73,0.0,0.0,1.0,0.0,0.0,818.73
237.6,0.0,0.0,1.0,0.0,0.0,237.6
766.293,0.0,0.0,1.0,0.0,0.0,766.293
956.142,0.0,0.0,1.0,0.0,0.0,2006.0700000000002
1227.897,0.0,0.0,1.0,0.0,0.0,1227.897
1047.75,1056.0,0.0,1.0,1.0,0.0,4833.774
2141.37,2337.522,0.0,2.0,2.0,0.0,7338.012
3064.314,0.0,0.0,1.0,0.0,0.0,4258.485
78.54,0.0,0.0,2.0,0.0,0.0,78.54
1868.46,728.64,0.0,2.0,1.0,0.0,2597.1
1094.94,0.0,0.0,1.0,0.0,0.0,1094.94
394.515,0.0,1431.8700000000001,1.0,0.0,1.0,1826.3850000000002
536.91,0.0,0.0,1.0,0.0,0.0,536.91
953.766,1192.95,1193.6100000000001,2.0,1.0,1.0,4417.776
544.5,0.0,0.0,1.0,0.0,0.0,1725.9
372.834,0.0,0.0,1.0,0.0,0.0,372.834
2304.258,1398.21,0.0,1.0,1.0,0.0,5068.437
1248.4560000000001,892.32,0.0,1.0,2.0,0.0,5593.566000000001
360.129,0.0,0.0,1.0,0.0,0.0,360.129
363.594,0.0,0.0,1.0,0.0,0.0,363.594
955.053,71.28,0.0,4.0,1.0,0.0,1026.333
1828.596,0.0,593.109,1.0,0.0,1.0,3700.257
1075.6680000000001,0.0,302.082,4.0,0.0,1.0,2095.3680000000004
1461.504,0.0,2175.69,1.0,0.0,1.0,4068.834
1257.96,0.0,791.505,1.0,0.0,2.0,4647.126
798.138,0.0,713.196,1.0,0.0,1.0,1511.334
2275.482,1494.603,0.0,2.0,1.0,0.0,5073.024
1434.477,0.0,0.0,2.0,0.0,0.0,1434.477
1881.561,0.0,0.0,1.0,0.0,0.0,1881.561
846.153,0.0,0.0,1.0,0.0,0.0,846.153
1036.926,0.0,0.0,1.0,0.0,0.0,1036.926
680.559,0.0,0.0,1.0,0.0,0.0,680.559
298.98,0.0,0.0,1.0,0.0,0.0,298.98
429.858,0.0,0.0,1.0,0.0,0.0,429.858
990.462,0.0,0.0,1.0,0.0,0.0,990.462
7927.095,2014.815,678.15,5.0,1.0,1.0,14867.589
1148.07,0.0,0.0,1.0,0.0,0.0,1148.07
1922.976,781.902,0.0,1.0,1.0,0.0,2704.878
4734.411,0.0,0.0,2.0,0.0,0.0,4734.411
138.6,0.0,0.0,1.0,0.0,0.0,138.6
940.005,0.0,0.0,1.0,0.0,0.0,940.005
1093.092,0.0,0.0,1.0,0.0,0.0,1093.092
1022.802,0.0,0.0,1.0,0.0,0.0,1022.802
511.83,0.0,0.0,1.0,0.0,0.0,511.83
346.17,0.0,0.0,1.0,0.0,0.0,346.17
470.91,0.0,0.0,1.0,0.0,0.0,470.91
5479.452,0.0,0.0,1.0,0.0,0.0,9015.072
1836.318,0.0,0.0,1.0,0.0,0.0,1836.318
1300.53,0.0,0.0,3.0,0.0,0.0,1300.53
1037.883,0.0,0.0,1.0,0.0,0.0,1037.883
366.795,0.0,0.0,1.0,0.0,0.0,366.795
2294.259,1805.991,0.0,2.0,1.0,0.0,4100.25
828.3000000000001,0.0,1091.97,1.0,0.0,1.0,3278.3520000000003
803.088,0.0,0.0,1.0,0.0,0.0,803.088
526.68,1986.534,478.335,1.0,2.0,1.0,4161.762
1281.39,0.0,0.0,1.0,0.0,0.0,1281.39
444.015,0.0,0.0,1.0,0.0,0.0,444.015
54.45,0.0,407.055,1.0,0.0,1.0,461.505
4670.5560000000005,4759.491,0.0,3.0,1.0,0.0,15166.239000000001
4170.276,0.0,2423.652,1.0,0.0,1.0,8366.028
1078.869,0.0,0.0,2.0,0.0,0.0,1078.869
3071.607,0.0,0.0,3.0,0.0,0.0,3071.607
887.238,0.0,0.0,1.0,0.0,0.0,3152.688
3582.018,0.0,0.0,1.0,0.0,0.0,3582.018
1504.9650000000001,2636.205,1680.822,1.0,2.0,1.0,7905.909
531.399,0.0,357.786,1.0,0.0,1.0,889.185
197.17499999999998,0.0,0.0,1.0,0.0,0.0,197.17499999999998
1286.67,0.0,1387.551,1.0,0.0,1.0,2674.221
785.763,0.0,0.0,1.0,0.0,0.0,785.763
410.52,1881.066,0.0,1.0,1.0,0.0,3327.522
514.47,0.0,0.0,1.0,0.0,0.0,514.47
1397.154,0.0,0.0,1.0,0.0,0.0,1397.154
1613.865,0.0,0.0,1.0,0.0,0.0,1613.865
1896.213,910.305,1467.147,2.0,1.0,3.0,12346.059000000001
1297.23,0.0,0.0,1.0,0.0,0.0,1297.23
339.207,0.0,0.0,1.0,0.0,0.0,339.207
1529.154,0.0,0.0,1.0,0.0,0.0,1529.154
493.053,225.72,0.0,1.0,1.0,0.0,718.773
333.927,0.0,0.0,1.0,0.0,0.0,333.927
2341.383,0.0,773.025,1.0,0.0,1.0,3114.408
622.809,0.0,0.0,1.0,0.0,0.0,622.809
302.94,0.0,0.0,1.0,0.0,0.0,302.94
3139.125,0.0,0.0,2.0,0.0,0.0,3139.125
413.82,0.0,0.0,2.0,0.0,0.0,413.82
515.5260000000001,168.762,0.0,1.0,2.0,0.0,684.288
947.265,0.0,250.47,2.0,0.0,1.0,1197.735
990.0,0.0,0.0,1.0,0.0,0.0,990.0
1032.57,0.0,1043.46,1.0,0.0,1.0,3449.754
930.204,0.0,0.0,1.0,0.0,0.0,930.204
2246.673,0.0,0.0,3.0,0.0,0.0,2246.673
